,Date,Close,Bitcoins_in_circulation,BlockSize,TransactionsPerBlock
0,3-Jan-09,0.0,50.0,0.0,1.0
1,5-Jan-09,0.0,50.0,0.0,1.0
2,7-Jan-09,0.0,50.0,0.0,1.0
3,9-Jan-09,0.0,750.0,0.0,1.0
4,11-Jan-09,0.0,7600.0,0.0,1.0
5,13-Jan-09,0.0,17800.0,0.0,1.0
6,15-Jan-09,0.0,30450.0,0.0,1.0
7,17-Jan-09,0.0,41650.0,0.0,1.0
8,19-Jan-09,0.0,52650.0,0.0,1.0
9,21-Jan-09,0.0,64100.0,0.0,1.0
10,23-Jan-09,0.0,71200.0,0.0,1.0
11,25-Jan-09,0.0,90850.0,0.0,1.0
12,27-Jan-09,0.0,101800.0,0.0,1.0
13,29-Jan-09,0.0,113050.0,0.0,1.0
14,31-Jan-09,0.0,125550.0,0.0,1.0
15,2-Feb-09,0.0,137700.0,0.0,1.0
16,4-Feb-09,0.0,150650.0,0.0,1.0
17,6-Feb-09,0.0,163150.0,0.0,1.0
18,8-Feb-09,0.0,176150.0,0.0,1.0
19,10-Feb-09,0.0,188900.0,0.0,1.0
20,12-Feb-09,0.0,201350.0,0.0,1.0
21,14-Feb-09,0.0,214600.0,0.0,1.0
22,16-Feb-09,0.0,226850.0,0.0,1.0
23,18-Feb-09,0.0,238950.0,0.0,1.0
24,20-Feb-09,0.0,251200.0,0.0,1.0
25,22-Feb-09,0.0,262750.0,0.0,1.0
26,24-Feb-09,0.0,273650.0,0.0,1.0
27,26-Feb-09,0.0,283800.0,0.0,1.0
28,28-Feb-09,0.0,295050.0,0.0,1.0
29,2-Mar-09,0.0,305550.0,0.0,1.0
30,4-Mar-09,0.0,316150.0,0.0,1.0
31,6-Mar-09,0.0,327350.0,0.0,1.0
32,8-Mar-09,0.0,338500.0,0.0,1.0
33,10-Mar-09,0.0,349400.0,0.0,1.0
34,12-Mar-09,0.0,360700.0,0.0,1.0
35,14-Mar-09,0.0,372200.0,0.0,1.0
36,16-Mar-09,0.0,384250.0,0.0,1.0
37,18-Mar-09,0.0,395500.0,0.0,1.0
38,20-Mar-09,0.0,407500.0,0.0,1.0
39,22-Mar-09,0.0,416100.0,0.0,1.0
40,24-Mar-09,0.0,427950.0,0.0,1.0
41,26-Mar-09,0.0,439400.0,0.0,1.0
42,28-Mar-09,0.0,450850.0,0.0,1.0
43,30-Mar-09,0.0,462700.0,0.0,1.0
44,1-Apr-09,0.0,473700.0,0.0,1.0
45,3-Apr-09,0.0,485350.0,0.0,1.0
46,5-Apr-09,0.0,497450.0,0.0,1.0
47,7-Apr-09,0.0,508150.0,0.0,1.0
48,9-Apr-09,0.0,518300.0,0.0,1.0
49,11-Apr-09,0.0,529550.0,0.0,1.0
50,13-Apr-09,0.0,541050.0,0.0,1.0
51,15-Apr-09,0.0,553000.0,0.0,1.0
52,17-Apr-09,0.0,564900.0,0.0,1.0
53,19-Apr-09,0.0,576950.0,0.0,1.0
54,21-Apr-09,0.0,588950.0,0.0,1.0
55,23-Apr-09,0.0,599000.0,0.0,1.0
56,25-Apr-09,0.0,610750.0,0.0,1.0
57,27-Apr-09,0.0,621450.0,0.0,1.0
58,29-Apr-09,0.0,633450.0,0.0,1.0
59,1-May-09,0.0,646200.0,0.0,1.0
60,3-May-09,0.0,658050.0,0.0,1.0
61,5-May-09,0.0,670750.0,0.0,1.0
62,7-May-09,0.0,683650.0,0.0,1.0
63,9-May-09,0.0,694300.0,0.0,1.0
64,11-May-09,0.0,703350.0,0.0,1.0
65,13-May-09,0.0,715450.0,0.0,1.0
66,15-May-09,0.0,729250.0,0.0,1.0
67,17-May-09,0.0,741200.0,0.0,1.0
68,19-May-09,0.0,752400.0,0.0,1.0
69,21-May-09,0.0,762050.0,0.0,1.0
70,23-May-09,0.0,766550.0,0.0,1.0
71,25-May-09,0.0,776950.0,0.0,1.0
72,27-May-09,0.0,788850.0,0.0,1.0
73,29-May-09,0.0,799350.0,0.0,1.0
74,31-May-09,0.0,810400.0,0.0,1.0
75,2-Jun-09,0.0,818500.0,0.0,1.0
76,4-Jun-09,0.0,825350.0,0.0,1.0
77,6-Jun-09,0.0,829400.0,0.0,1.0
78,8-Jun-09,0.0,833200.0,0.0,1.0
79,10-Jun-09,0.0,842050.0,0.0,1.0
80,12-Jun-09,0.0,851250.0,0.0,1.0
81,14-Jun-09,0.0,858450.0,0.0,1.0
82,16-Jun-09,0.0,866200.0,0.0,1.0
83,18-Jun-09,0.0,874100.0,0.0,1.0
84,20-Jun-09,0.0,882650.0,0.0,1.0
85,22-Jun-09,0.0,890400.0,0.0,1.0
86,24-Jun-09,0.0,898450.0,0.0,1.0
87,26-Jun-09,0.0,906600.0,0.0,1.0
88,28-Jun-09,0.0,913400.0,0.0,1.0
89,30-Jun-09,0.0,921550.0,0.0,1.0
90,2-Jul-09,0.0,929300.0,0.0,1.0
91,4-Jul-09,0.0,937900.0,0.0,1.0
92,6-Jul-09,0.0,946450.0,0.0,1.0
93,8-Jul-09,0.0,953550.0,0.0,1.0
94,10-Jul-09,0.0,961700.0,0.0,1.0
95,12-Jul-09,0.0,969700.0,0.0,1.0
96,14-Jul-09,0.0,977100.0,0.0,1.0
97,16-Jul-09,0.0,982850.0,0.0,1.0
98,18-Jul-09,0.0,986250.0,0.0,1.0
99,20-Jul-09,0.0,992600.0,0.0,1.0
100,22-Jul-09,0.0,999750.0,0.0,1.0
101,24-Jul-09,0.0,1006800.0,0.0,1.0
102,26-Jul-09,0.0,1010100.0,0.0,1.0
103,28-Jul-09,0.0,1015500.0,0.0,1.0
104,30-Jul-09,0.0,1017800.0,0.0,1.0
105,1-Aug-09,0.0,1019550.0,0.0,1.0
106,3-Aug-09,0.0,1021800.0,0.0,1.0
107,5-Aug-09,0.0,1029250.0,0.0,1.0
108,7-Aug-09,0.0,1037750.0,0.0,1.0
109,9-Aug-09,0.0,1046750.0,0.0,1.0
110,11-Aug-09,0.0,1054200.0,0.0,1.0
111,13-Aug-09,0.0,1061650.0,0.0,1.0
112,15-Aug-09,0.0,1066600.0,0.0,1.0
113,17-Aug-09,0.0,1068700.0,0.0,1.0
114,19-Aug-09,0.0,1069900.0,0.0,1.0
115,21-Aug-09,0.0,1071900.0,0.0,1.0
116,23-Aug-09,0.0,1072900.0,0.0,1.0
117,25-Aug-09,0.0,1076050.0,0.0,1.0
118,27-Aug-09,0.0,1079650.0,0.0,1.0
119,29-Aug-09,0.0,1087000.0,0.0,1.0
120,31-Aug-09,0.0,1096200.0,0.0,1.0
121,2-Sep-09,0.0,1103550.0,0.0,1.0
122,4-Sep-09,0.0,1109700.0,0.0,1.0
123,6-Sep-09,0.0,1116850.0,0.0,1.0
124,8-Sep-09,0.0,1124050.0,0.0,1.0
125,10-Sep-09,0.0,1130000.0,0.0,1.0
126,12-Sep-09,0.0,1136950.0,0.0,1.0
127,14-Sep-09,0.0,1144500.0,0.0,1.0
128,16-Sep-09,0.0,1150200.0,0.0,1.0
129,18-Sep-09,0.0,1158400.0,0.0,1.0
130,20-Sep-09,0.0,1165900.0,0.0,1.0
131,22-Sep-09,0.0,1171300.0,0.0,1.0
132,24-Sep-09,0.0,1176750.0,0.0,1.0
133,26-Sep-09,0.0,1186450.0,0.0,1.0
134,28-Sep-09,0.0,1195300.0,0.0,1.0
135,30-Sep-09,0.0,1203800.0,0.0,1.0
136,2-Oct-09,0.0,1211800.0,0.0,1.0
137,4-Oct-09,0.0,1217750.0,0.0,1.0
138,6-Oct-09,0.0,1222700.0,0.0,1.0
139,8-Oct-09,0.0,1228750.0,0.0,1.0
140,10-Oct-09,0.0,1236500.0,0.0,1.0
141,12-Oct-09,0.0,1243550.0,0.0,1.0
142,14-Oct-09,0.0,1248900.0,0.0,1.0
143,16-Oct-09,0.0,1256400.0,0.0,1.0
144,18-Oct-09,0.0,1262350.0,0.0,1.0
145,20-Oct-09,0.0,1272850.0,0.0,1.0
146,22-Oct-09,0.0,1281300.0,0.0,1.0
147,24-Oct-09,0.0,1289400.0,0.0,1.0
148,26-Oct-09,0.0,1296300.0,0.0,1.0
149,28-Oct-09,0.0,1302800.0,0.0,1.0
150,30-Oct-09,0.0,1308350.0,0.0,1.0
151,1-Nov-09,0.0,1312100.0,0.0,1.0
152,3-Nov-09,0.0,1316600.0,0.0,1.0
153,5-Nov-09,0.0,1322900.0,0.0,1.0
154,7-Nov-09,0.0,1329150.0,0.0,1.0
155,9-Nov-09,0.0,1335900.0,0.0,1.0
156,11-Nov-09,0.0,1342900.0,0.0,1.0
157,13-Nov-09,0.0,1349900.0,0.0,1.0
158,15-Nov-09,0.0,1358850.0,0.0,1.0
159,17-Nov-09,0.0,1368400.0,0.0,1.0
160,19-Nov-09,0.0,1376000.0,0.0,1.0
161,21-Nov-09,0.0,1383950.0,0.0,1.0
162,23-Nov-09,0.0,1393750.0,0.0,1.0
163,25-Nov-09,0.0,1403100.0,0.0,1.0
164,27-Nov-09,0.0,1410750.0,0.0,1.0
165,29-Nov-09,0.0,1417550.0,0.0,1.0
166,1-Dec-09,0.0,1424550.0,0.0,1.0
167,3-Dec-09,0.0,1433700.0,0.0,1.0
168,5-Dec-09,0.0,1438750.0,0.0,1.0
169,7-Dec-09,0.0,1448700.0,0.0,1.0
170,9-Dec-09,0.0,1459350.0,0.0,1.0
171,11-Dec-09,0.0,1470750.0,0.0,1.0
172,13-Dec-09,0.0,1481000.0,0.0,1.0
173,15-Dec-09,0.0,1492200.0,0.0,1.0
174,17-Dec-09,0.0,1506200.0,0.0,1.0
175,19-Dec-09,0.0,1527400.0,0.0,1.0
176,21-Dec-09,0.0,1545500.0,0.0,1.0
177,23-Dec-09,0.0,1561550.0,0.0,1.0
178,25-Dec-09,0.0,1576600.0,0.0,1.0
179,27-Dec-09,0.0,1593000.0,0.0,1.0
180,29-Dec-09,0.0,1608100.0,0.0,1.0
181,31-Dec-09,0.0,1623400.0,0.0,1.0
182,2-Jan-10,0.0,1635850.0,0.0,1.0
183,4-Jan-10,0.0,1653500.0,0.0,1.0
184,6-Jan-10,0.0,1671800.0,0.0,1.0
185,8-Jan-10,0.0,1687250.0,0.0,1.0
186,10-Jan-10,0.0,1704200.0,0.0,1.0
187,12-Jan-10,0.0,1720200.0,0.0,1.0
188,14-Jan-10,0.0,1736000.0,0.0,1.0
189,16-Jan-10,0.0,1749500.0,0.0,1.0
190,18-Jan-10,0.0,1762150.0,0.0,1.0
191,20-Jan-10,0.0,1775100.0,0.0,1.0
192,22-Jan-10,0.0,1791500.0,0.0,1.0
193,24-Jan-10,0.0,1806300.0,0.0,1.0
194,26-Jan-10,0.0,1826550.0,0.0,1.0
195,28-Jan-10,0.0,1844050.0,0.0,1.0
196,30-Jan-10,0.0,1862700.0,0.0,1.0
197,1-Feb-10,0.0,1881950.0,0.0,1.0
198,3-Feb-10,0.0,1901200.0,0.0,1.0
199,5-Feb-10,0.0,1925000.0,0.0,1.0
200,7-Feb-10,0.0,1944900.0,0.0,1.0
201,9-Feb-10,0.0,1965900.0,0.0,1.0
202,11-Feb-10,0.0,1982750.0,0.0,1.0
203,13-Feb-10,0.0,2003300.0,0.0,1.0
204,15-Feb-10,0.0,2022850.0,0.0,1.0
205,17-Feb-10,0.0,2043200.0,0.0,1.0
206,19-Feb-10,0.0,2063600.0,0.0,1.0
207,21-Feb-10,0.0,2085400.0,0.0,1.0
208,23-Feb-10,0.0,2110700.0,0.0,1.0
209,25-Feb-10,0.0,2127600.0,0.0,1.0
210,27-Feb-10,0.0,2144750.0,0.0,1.0
211,1-Mar-10,0.0,2162150.0,0.0,1.0
212,3-Mar-10,0.0,2179350.0,0.0,1.0
213,5-Mar-10,0.0,2197200.0,0.0,1.0
214,7-Mar-10,0.0,2215000.0,0.0,1.0
215,9-Mar-10,0.0,2229200.0,0.0,1.0
216,11-Mar-10,0.0,2243950.0,0.0,1.0
217,13-Mar-10,0.0,2257750.0,0.0,1.0
218,15-Mar-10,0.0,2270200.0,0.0,1.0
219,17-Mar-10,0.0,2283150.0,0.0,1.0
220,19-Mar-10,0.0,2297600.0,0.0,1.0
221,21-Mar-10,0.0,2316300.0,0.0,1.0
222,23-Mar-10,0.0,2335400.0,0.0,1.0
223,25-Mar-10,0.0,2353400.0,0.0,1.0
224,27-Mar-10,0.0,2371850.0,0.0,1.0
225,29-Mar-10,0.0,2391150.0,0.0,1.0
226,31-Mar-10,0.0,2412050.0,0.0,1.0
227,2-Apr-10,0.0,2428900.0,0.0,1.0
228,4-Apr-10,0.0,2445500.0,0.0,1.0
229,6-Apr-10,0.0,2461050.0,0.0,1.0
230,8-Apr-10,0.0,2480450.0,0.0,1.0
231,10-Apr-10,0.0,2501300.0,0.0,1.0
232,12-Apr-10,0.0,2524100.0,0.0,1.0
233,14-Apr-10,0.0,2542350.0,0.0,10.0
234,16-Apr-10,0.0,2562750.0,0.0,1.0
235,18-Apr-10,0.0,2586500.0,0.0,1.0
236,20-Apr-10,0.0,2607600.0,0.0,1.0
237,22-Apr-10,0.0,2627500.0,0.0,1.0
238,24-Apr-10,0.0,2642350.0,0.0,1.0
239,26-Apr-10,0.0,2659300.0,0.0,1.0
240,28-Apr-10,0.0,2676550.0,0.0,1.0
241,30-Apr-10,0.0,2692150.0,0.0,1.0
242,2-May-10,0.0,2708800.0,0.0,1.0
243,4-May-10,0.0,2723300.0,0.0,1.0
244,6-May-10,0.0,2738150.0,0.0,1.0
245,8-May-10,0.0,2752100.0,0.0,1.0
246,10-May-10,0.0,2766050.0,0.0,1.0
247,12-May-10,0.0,2777850.0,0.0,1.0
248,14-May-10,0.0,2790350.0,0.0,1.0
249,16-May-10,0.0,2800450.0,0.0,1.0
250,18-May-10,0.0,2816050.0,0.0,1.0
251,20-May-10,0.0,2833300.0,0.0,1.0
252,22-May-10,0.0,2852150.0,0.0,1.0
253,24-May-10,0.0,2872400.0,0.0,1.0
254,26-May-10,0.0,2893750.0,0.0,1.0
255,28-May-10,0.0,2914450.0,0.0,1.0
256,30-May-10,0.0,2931850.0,0.0,1.0
257,1-Jun-10,0.0,2946100.0,0.0,1.0
258,3-Jun-10,0.0,2960600.0,0.0,1.0
259,5-Jun-10,0.0,2974200.0,0.0,1.0
260,7-Jun-10,0.0,2989550.0,0.0,1.0
261,9-Jun-10,0.0,3005550.0,0.0,1.0
262,11-Jun-10,0.0,3022300.0,0.0,1.0
263,13-Jun-10,0.0,3037200.0,0.0,1.0
264,15-Jun-10,0.0,3054600.0,0.0,1.0
265,17-Jun-10,0.0,3069100.0,0.0,1.0
266,19-Jun-10,0.0,3084400.0,0.0,1.0
267,21-Jun-10,0.0,3101150.0,0.0,1.0
268,23-Jun-10,0.0,3117600.0,0.0,1.0
269,25-Jun-10,0.0,3134300.0,0.0,1.0
270,27-Jun-10,0.0,3150400.0,0.0,1.0
271,29-Jun-10,0.0,3166600.0,0.0,1.0
272,1-Jul-10,0.0,3186200.0,0.0,1.0
273,3-Jul-10,0.0,3204950.0,0.0,1.0
274,5-Jul-10,0.0,3223050.0,0.0,1.0
275,7-Jul-10,0.0,3239150.0,0.0,3.0
276,9-Jul-10,0.0,3256500.0,0.0,9.0
277,11-Jul-10,0.0,3275100.0,0.0,2.0
278,13-Jul-10,0.0,3337950.0,0.0,2.0
279,15-Jul-10,0.0,3397850.0,1.0,3.0
280,17-Jul-10,0.0,3436900.0,1.0,2.0
281,19-Jul-10,0.0,3454050.0,1.0,2.0
282,21-Jul-10,0.0,3473050.0,1.0,1.0
283,23-Jul-10,0.0,3492100.0,1.0,2.0
284,25-Jul-10,0.0,3512050.0,1.0,1.0
285,27-Jul-10,0.0,3533800.0,1.0,1.0
286,29-Jul-10,0.0,3550650.0,1.0,2.0
287,31-Jul-10,0.0,3569200.0,1.0,2.0
288,2-Aug-10,0.0,3592950.0,1.0,2.0
289,4-Aug-10,0.0,3615750.0,1.0,2.0
290,6-Aug-10,0.0,3636000.0,1.0,1.0
291,8-Aug-10,0.0,3652700.0,1.0,2.0
292,10-Aug-10,0.0,3672500.0,1.0,1.0
293,12-Aug-10,0.0,3694250.0,1.0,2.0
294,14-Aug-10,0.0,3718150.0,1.0,2.0
295,16-Aug-10,0.0,3737700.0,1.0,1.0
296,18-Aug-10,0.07,3750900.0,1.0,1.0
297,20-Aug-10,0.07,3766250.0,1.0,1.0
298,22-Aug-10,0.07,3785400.0,1.0,1.0
299,24-Aug-10,0.07,3806500.0,1.0,1.0
300,26-Aug-10,0.07,3828250.0,1.0,2.0
301,28-Aug-10,0.07,3846100.0,1.0,2.0
302,30-Aug-10,0.07,3861450.0,1.0,1.0
303,1-Sep-10,0.06,3879000.0,1.0,1.0
304,3-Sep-10,0.06,3894550.0,1.0,1.0
305,5-Sep-10,0.06,3911600.0,1.0,2.0
306,7-Sep-10,0.06,3927600.0,1.0,1.0
307,9-Sep-10,0.06,3942750.0,1.0,2.0
308,11-Sep-10,0.06,3959400.0,1.0,2.0
309,13-Sep-10,0.06,3976750.0,1.0,1.0
310,15-Sep-10,0.18,3995900.0,1.0,2.0
311,17-Sep-10,0.06,4016200.0,1.0,4.0
312,19-Sep-10,0.06,4038550.0,1.0,2.0
313,21-Sep-10,0.06,4057950.0,1.0,2.0
314,23-Sep-10,0.06,4077200.0,1.0,2.0
315,25-Sep-10,0.06,4099600.0,1.0,2.0
316,27-Sep-10,0.06,4121350.0,1.0,4.0
317,29-Sep-10,0.06,4141000.0,1.0,2.0
318,1-Oct-10,0.06,4155850.0,1.0,2.0
319,3-Oct-10,0.06,4167350.0,1.0,2.0
320,5-Oct-10,0.06,4181200.0,1.0,2.0
321,7-Oct-10,0.06,4197450.0,1.0,2.0
322,9-Oct-10,0.12,4212850.0,1.0,1.0
323,11-Oct-10,0.13,4229700.0,1.0,1.0
324,13-Oct-10,0.1,4246150.0,1.0,1.0
325,15-Oct-10,0.12,4265000.0,1.0,2.0
326,17-Oct-10,0.1,4291050.0,1.0,3.0
327,19-Oct-10,0.1,4316250.0,1.0,2.0
328,21-Oct-10,0.11,4339600.0,1.0,2.0
329,23-Oct-10,0.11,4355950.0,1.0,2.0
330,25-Oct-10,0.15,4375900.0,1.0,1.0
331,27-Oct-10,0.19,4398600.0,1.0,1.0
332,29-Oct-10,0.19,4421100.0,1.0,1.0
333,31-Oct-10,0.2,4442200.0,1.0,1.0
334,2-Nov-10,0.2,4460000.0,1.0,1.0
335,4-Nov-10,0.24,4479600.0,1.0,1.0
336,6-Nov-10,0.29,4500650.0,1.0,1.0
337,8-Nov-10,0.37,4526100.0,1.0,1.0
338,10-Nov-10,0.27,4547750.0,1.0,8.0
339,12-Nov-10,0.25,4567900.0,1.0,1.0
340,14-Nov-10,0.3,4590750.0,1.0,46.0
341,16-Nov-10,0.28,4610850.0,4.0,76.0
342,18-Nov-10,0.29,4636500.0,4.0,2.0
343,20-Nov-10,0.29,4650550.0,7.0,38.0
344,22-Nov-10,0.28,4665300.0,9.0,2.0
345,24-Nov-10,0.28,4681750.0,9.0,2.0
346,26-Nov-10,0.29,4699500.0,10.0,2.0
347,28-Nov-10,0.28,4716950.0,10.0,2.0
348,30-Nov-10,0.28,4738050.0,10.0,1.0
349,2-Dec-10,0.25,4756550.0,10.0,2.0
350,4-Dec-10,0.26,4777100.0,10.0,2.0
351,6-Dec-10,0.23,4801000.0,10.0,2.0
352,8-Dec-10,0.25,4824200.0,10.0,4.0
353,10-Dec-10,0.2,4844200.0,10.0,3.0
354,12-Dec-10,0.23,4861500.0,10.0,2.0
355,14-Dec-10,0.23,4877250.0,10.0,2.0
356,16-Dec-10,0.25,4895500.0,10.0,3.0
357,18-Dec-10,0.25,4912050.0,10.0,3.0
358,20-Dec-10,0.28,4929200.0,10.0,3.0
359,22-Dec-10,0.27,4946950.0,10.0,3.0
360,24-Dec-10,0.25,4961600.0,10.0,3.0
361,26-Dec-10,0.27,4977050.0,10.0,3.0
362,28-Dec-10,0.28,4993550.0,10.0,3.0
363,30-Dec-10,0.3,5010150.0,10.0,8.0
364,1-Jan-11,0.3,5027250.0,10.0,5.0
365,3-Jan-11,0.3,5044450.0,10.0,7.0
366,5-Jan-11,0.3,5059050.0,10.0,8.0
367,7-Jan-11,0.32,5073600.0,10.0,7.0
368,9-Jan-11,0.32,5090800.0,10.0,7.0
369,11-Jan-11,0.33,5107250.0,10.0,5.0
370,13-Jan-11,0.41,5124850.0,10.0,5.0
371,15-Jan-11,0.4,5142150.0,10.0,5.0
372,17-Jan-11,0.4,5159450.0,10.0,8.0
373,19-Jan-11,0.34,5176100.0,10.0,7.0
374,21-Jan-11,0.44,5193400.0,10.0,5.0
375,23-Jan-11,0.44,5210100.0,10.0,6.0
376,25-Jan-11,0.43,5226900.0,10.0,13.0
377,27-Jan-11,0.42,5244650.0,10.0,5.0
378,29-Jan-11,0.45,5260300.0,10.0,5.0
379,31-Jan-11,0.5,5276000.0,10.0,4.0
380,2-Feb-11,0.84,5293050.0,10.0,4.0
381,4-Feb-11,0.88,5310000.0,10.0,5.0
382,6-Feb-11,0.92,5327900.0,10.0,12.0
383,8-Feb-11,0.9,5346800.0,10.0,9.0
384,10-Feb-11,1.1,5365400.0,10.0,10.0
385,12-Feb-11,1.09,5384450.0,10.0,9.0
386,14-Feb-11,1.08,5403950.0,10.0,10.0
387,16-Feb-11,1.05,5426100.0,10.0,10.0
388,18-Feb-11,1.05,5448900.0,10.0,9.0
389,20-Feb-11,0.95,5467100.0,10.0,9.0
390,22-Feb-11,0.87,5487000.0,10.0,8.0
391,24-Feb-11,0.95,5509850.0,10.0,12.0
392,26-Feb-11,0.99,5533500.0,10.0,16.0
393,28-Feb-11,0.95,5555400.0,10.0,7.0
394,2-Mar-11,0.95,5570350.0,10.0,9.0
395,4-Mar-11,0.94,5589450.0,10.0,11.0
396,6-Mar-11,0.91,5616200.0,10.0,15.0
397,8-Mar-11,0.91,5637600.0,10.0,20.0
398,10-Mar-11,0.87,5651450.0,10.0,25.0
399,12-Mar-11,0.92,5665050.0,10.0,24.0
400,14-Mar-11,0.9,5676850.0,10.0,28.0
401,16-Mar-11,0.89,5689000.0,10.0,47.0
402,18-Mar-11,0.85,5702450.0,10.0,29.0
403,20-Mar-11,0.79,5714150.0,10.0,12.0
404,22-Mar-11,0.8,5728200.0,12.0,14.0
405,24-Mar-11,0.9,5743200.0,13.0,18.0
406,26-Mar-11,0.91,5758350.0,14.0,10.0
407,28-Mar-11,0.86,5774150.0,15.0,9.0
408,30-Mar-11,0.8,5789650.0,15.0,12.0
409,1-Apr-11,0.8,5808500.0,15.0,12.0
410,3-Apr-11,0.8,5826300.0,15.0,10.0
411,5-Apr-11,0.71,5845400.0,15.0,9.0
412,7-Apr-11,0.77,5860450.0,15.0,12.0
413,9-Apr-11,0.77,5876200.0,15.0,18.0
414,11-Apr-11,0.78,5892300.0,15.0,11.0
415,13-Apr-11,1.0,5910700.0,15.0,17.0
416,15-Apr-11,1.09,5925600.0,16.0,22.0
417,17-Apr-11,1.09,5942850.0,17.0,13.0
418,19-Apr-11,1.19,5957700.0,18.0,15.0
419,21-Apr-11,1.2,5973150.0,19.0,14.0
420,23-Apr-11,1.55,5990300.0,19.0,22.0
421,25-Apr-11,1.7,6007600.0,21.0,21.0
422,27-Apr-11,1.95,6026750.0,23.0,14.0
423,29-Apr-11,2.7,6044800.0,25.0,15.0
424,1-May-11,4.09,6063850.0,27.0,16.0
425,3-May-11,3.49,6083100.0,29.0,13.0
426,5-May-11,3.5,6103800.0,31.0,15.0
427,7-May-11,3.7,6124700.0,33.0,16.0
428,9-May-11,3.94,6147450.0,35.0,17.0
429,11-May-11,6.07,6166800.0,37.0,18.0
430,13-May-11,8.45,6185050.0,40.0,17.0
431,15-May-11,8.55,6208850.0,42.0,21.0
432,17-May-11,8.39,6233050.0,44.0,21.0
433,19-May-11,7.34,6256250.0,48.0,18.0
434,21-May-11,6.6,6278100.0,51.0,21.0
435,23-May-11,7.45,6304650.0,55.0,32.0
436,25-May-11,7.51,6334000.0,59.0,31.0
437,27-May-11,8.92,6359800.0,63.0,34.0
438,29-May-11,8.5,6376200.0,65.0,41.0
439,31-May-11,9.5,6391350.0,68.0,39.0
440,2-Jun-11,10.57,6409750.0,73.0,51.0
441,4-Jun-11,17.41,6430700.0,80.0,57.0
442,6-Jun-11,19.23,6453600.0,86.0,48.0
443,8-Jun-11,31.91,6471200.0,94.0,49.0
444,10-Jun-11,35.0,6493100.0,103.0,50.0
445,12-Jun-11,24.99,6516600.0,111.0,64.0
446,14-Jun-11,20.99,6540100.0,121.0,52.0
447,16-Jun-11,19.96,6564250.0,131.0,39.0
448,18-Jun-11,17.2,6583350.0,140.0,44.0
449,20-Jun-11,17.35,6605900.0,148.0,63.0
450,22-Jun-11,15.05,6630950.0,155.0,71.0
451,24-Jun-11,16.75,6654850.0,163.0,57.0
452,26-Jun-11,17.51,6670150.0,171.0,52.0
453,28-Jun-11,17.52,6685800.0,180.0,49.0
454,30-Jun-11,17.5,6703700.0,188.0,56.0
455,2-Jul-11,16.49,6721450.0,196.0,69.0
456,4-Jul-11,15.85,6737650.0,202.0,53.0
457,6-Jul-11,16.5,6753000.0,209.0,66.0
458,8-Jul-11,15.64,6767150.0,216.0,52.0
459,10-Jul-11,15.68,6782250.0,222.0,53.0
460,12-Jul-11,14.64,6796900.0,229.0,53.0
461,14-Jul-11,14.1,6813750.0,235.0,60.0
462,16-Jul-11,14.1,6829750.0,241.0,55.0
463,18-Jul-11,13.69,6845850.0,248.0,55.0
464,20-Jul-11,14.04,6861200.0,255.0,60.0
465,22-Jul-11,13.94,6876100.0,261.0,46.0
466,24-Jul-11,13.98,6892150.0,267.0,46.0
467,26-Jul-11,14.4,6908450.0,274.0,44.0
468,28-Jul-11,14.0,6925800.0,280.0,59.0
469,30-Jul-11,13.8,6941450.0,285.0,62.0
470,1-Aug-11,13.55,6958600.0,291.0,57.0
471,3-Aug-11,13.1,6973900.0,297.0,55.0
472,5-Aug-11,11.55,6987450.0,303.0,50.0
473,7-Aug-11,9.8,7000100.0,308.0,51.0
474,9-Aug-11,12.1,7013200.0,314.0,61.0
475,11-Aug-11,10.5,7028250.0,320.0,68.0
476,13-Aug-11,10.05,7041500.0,325.0,47.0
477,15-Aug-11,11.89,7054800.0,331.0,49.0
478,17-Aug-11,11.3,7068000.0,337.0,45.0
479,19-Aug-11,11.81,7082650.0,343.0,55.0
480,21-Aug-11,11.59,7097150.0,349.0,48.0
481,23-Aug-11,11.49,7114450.0,355.0,47.0
482,25-Aug-11,10.97,7127400.0,361.0,50.0
483,27-Aug-11,9.11,7141650.0,367.0,56.0
484,29-Aug-11,9.48,7153600.0,372.0,44.0
485,31-Aug-11,9.0,7168900.0,377.0,47.0
486,2-Sep-11,8.5,7183350.0,382.0,48.0
487,4-Sep-11,8.59,7196750.0,389.0,51.0
488,6-Sep-11,7.66,7211950.0,395.0,45.0
489,8-Sep-11,7.32,7225550.0,400.0,48.0
490,10-Sep-11,6.21,7239700.0,406.0,40.0
491,12-Sep-11,7.08,7253100.0,411.0,50.0
492,14-Sep-11,5.99,7267500.0,415.0,51.0
493,16-Sep-11,5.23,7281200.0,419.0,54.0
494,18-Sep-11,5.0,7295700.0,423.0,43.0
495,20-Sep-11,6.8,7308750.0,428.0,39.0
496,22-Sep-11,5.83,7323650.0,433.0,44.0
497,24-Sep-11,5.66,7336550.0,437.0,42.0
498,26-Sep-11,5.46,7350500.0,441.0,41.0
499,28-Sep-11,4.99,7363950.0,445.0,48.0
500,30-Sep-11,5.35,7376800.0,449.0,45.0
501,2-Oct-11,5.16,7390150.0,453.0,43.0
502,4-Oct-11,5.03,7403150.0,457.0,45.0
503,6-Oct-11,4.93,7416650.0,461.0,55.0
504,8-Oct-11,4.59,7429500.0,465.0,52.0
505,10-Oct-11,4.26,7441550.0,469.0,43.0
506,12-Oct-11,4.21,7452800.0,473.0,49.0
507,14-Oct-11,4.11,7464000.0,477.0,36.0
508,16-Oct-11,3.9,7477200.0,481.0,38.0
509,18-Oct-11,2.9,7489200.0,485.0,51.0
510,20-Oct-11,2.42,7500950.0,488.0,40.0
511,22-Oct-11,3.3,7512550.0,491.0,41.0
512,24-Oct-11,3.2,7523950.0,495.0,48.0
513,26-Oct-11,2.88,7535900.0,499.0,36.0
514,28-Oct-11,3.26,7546750.0,502.0,38.0
515,30-Oct-11,3.65,7557550.0,505.0,46.0
516,1-Nov-11,3.35,7571700.0,509.0,33.0
517,3-Nov-11,3.3,7585600.0,513.0,42.0
518,5-Nov-11,3.21,7600250.0,517.0,43.0
519,7-Nov-11,3.03,7614200.0,521.0,39.0
520,9-Nov-11,3.11,7629400.0,525.0,41.0
521,11-Nov-11,3.0,7642750.0,529.0,44.0
522,13-Nov-11,3.1,7656850.0,533.0,36.0
523,15-Nov-11,2.69,7672300.0,537.0,37.0
524,17-Nov-11,2.6,7686200.0,541.0,39.0
525,19-Nov-11,2.3,7699200.0,545.0,44.0
526,21-Nov-11,2.29,7712350.0,549.0,39.0
527,23-Nov-11,2.38,7725650.0,553.0,47.0
528,25-Nov-11,2.56,7737750.0,557.0,43.0
529,27-Nov-11,2.5,7749800.0,560.0,40.0
530,29-Nov-11,2.98,7762950.0,565.0,38.0
531,1-Dec-11,3.14,7779500.0,570.0,44.0
532,3-Dec-11,3.13,7794850.0,574.0,37.0
533,5-Dec-11,2.93,7809700.0,578.0,36.0
534,7-Dec-11,3.08,7825000.0,583.0,36.0
535,9-Dec-11,3.04,7840250.0,587.0,35.0
536,11-Dec-11,3.38,7855350.0,591.0,42.0
537,13-Dec-11,3.3,7868500.0,595.0,31.0
538,15-Dec-11,3.19,7881850.0,599.0,49.0
539,17-Dec-11,3.23,7895350.0,603.0,42.0
540,19-Dec-11,3.7,7910250.0,607.0,35.0
541,21-Dec-11,4.11,7924750.0,612.0,31.0
542,23-Dec-11,3.95,7939250.0,616.0,33.0
543,25-Dec-11,4.39,7954550.0,619.0,39.0
544,27-Dec-11,4.06,7971100.0,623.0,30.0
545,29-Dec-11,4.33,7985600.0,627.0,34.0
546,31-Dec-11,5.0,8000050.0,631.0,47.0
547,2-Jan-12,5.5,8015100.0,636.0,34.0
548,4-Jan-12,5.61,8030900.0,640.0,37.0
549,6-Jan-12,7.22,8046750.0,646.0,47.0
550,8-Jan-12,7.2,8063850.0,652.0,55.0
551,10-Jan-12,6.89,8079200.0,658.0,45.0
552,12-Jan-12,7.0,8095100.0,665.0,41.0
553,14-Jan-12,6.75,8109300.0,670.0,47.0
554,16-Jan-12,7.19,8124600.0,676.0,37.0
555,18-Jan-12,6.95,8139600.0,681.0,34.0
556,20-Jan-12,6.58,8153300.0,687.0,51.0
557,22-Jan-12,6.39,8168750.0,692.0,47.0
558,24-Jan-12,6.52,8184050.0,697.0,39.0
559,26-Jan-12,6.2,8198300.0,702.0,40.0
560,28-Jan-12,5.75,8213000.0,707.0,42.0
561,30-Jan-12,5.6,8229450.0,712.0,46.0
562,1-Feb-12,5.64,8244100.0,717.0,43.0
563,3-Feb-12,6.15,8260250.0,723.0,50.0
564,5-Feb-12,5.96,8275250.0,728.0,58.0
565,7-Feb-12,5.71,8289800.0,732.0,46.0
566,9-Feb-12,5.8,8303600.0,737.0,71.0
567,11-Feb-12,6.0,8317850.0,743.0,71.0
568,13-Feb-12,5.72,8333200.0,749.0,38.0
569,15-Feb-12,4.88,8347100.0,757.0,41.0
570,17-Feb-12,4.77,8360650.0,764.0,45.0
571,19-Feb-12,4.33,8377250.0,768.0,49.0
572,21-Feb-12,4.44,8390950.0,772.0,38.0
573,23-Feb-12,4.92,8407200.0,778.0,44.0
574,25-Feb-12,5.07,8422800.0,784.0,43.0
575,27-Feb-12,5.1,8438300.0,789.0,47.0
576,29-Feb-12,4.9,8455100.0,795.0,50.0
577,2-Mar-12,4.99,8469550.0,801.0,44.0
578,4-Mar-12,4.9,8482000.0,805.0,39.0
579,6-Mar-12,5.05,8496000.0,811.0,38.0
580,8-Mar-12,5.0,8511250.0,817.0,44.0
581,10-Mar-12,4.94,8528200.0,822.0,50.0
582,12-Mar-12,4.96,8543300.0,826.0,43.0
583,14-Mar-12,5.44,8557800.0,833.0,42.0
584,16-Mar-12,5.4,8571400.0,838.0,43.0
585,18-Mar-12,5.38,8587800.0,843.0,48.0
586,20-Mar-12,4.98,8603100.0,848.0,37.0
587,22-Mar-12,4.88,8619000.0,854.0,42.0
588,24-Mar-12,4.75,8634100.0,858.0,54.0
589,26-Mar-12,4.74,8650050.0,863.0,38.0
590,28-Mar-12,4.85,8665400.0,868.0,47.0
591,30-Mar-12,4.83,8679850.0,874.0,53.0
592,1-Apr-12,4.93,8695500.0,878.0,56.0
593,3-Apr-12,5.01,8708250.0,883.0,41.0
594,5-Apr-12,4.94,8721250.0,889.0,58.0
595,7-Apr-12,4.98,8734000.0,894.0,61.0
596,9-Apr-12,4.8,8748850.0,898.0,59.0
597,11-Apr-12,4.89,8763150.0,904.0,58.0
598,13-Apr-12,4.94,8776350.0,910.0,66.0
599,15-Apr-12,4.98,8788850.0,916.0,51.0
600,17-Apr-12,5.02,8802600.0,923.0,45.0
601,19-Apr-12,5.19,8816500.0,930.0,60.0
602,21-Apr-12,5.48,8831600.0,937.0,65.0
603,23-Apr-12,5.22,8846450.0,943.0,45.0
604,25-Apr-12,5.16,8859500.0,949.0,53.0
605,27-Apr-12,5.14,8873500.0,956.0,60.0
606,29-Apr-12,5.02,8889600.0,962.0,92.0
607,1-May-12,5.0,8907000.0,969.0,72.0
608,3-May-12,5.18,8923000.0,978.0,92.0
609,5-May-12,5.15,8938550.0,989.0,88.0
610,7-May-12,5.09,8955700.0,1002.0,160.0
611,9-May-12,5.1,8973200.0,1017.0,195.0
612,11-May-12,5.03,8986550.0,1028.0,175.0
613,13-May-12,5.0,9000000.0,1043.0,151.0
614,15-May-12,5.09,9013700.0,1064.0,234.0
615,17-May-12,5.13,9025200.0,1080.0,216.0
616,19-May-12,5.14,9039700.0,1105.0,192.0
617,21-May-12,5.15,9053400.0,1131.0,177.0
618,23-May-12,5.16,9065300.0,1153.0,235.0
619,25-May-12,5.15,9077850.0,1176.0,214.0
620,27-May-12,5.15,9092800.0,1196.0,163.0
621,29-May-12,5.16,9106500.0,1224.0,168.0
622,31-May-12,5.19,9119800.0,1244.0,333.0
623,2-Jun-12,5.28,9135150.0,1263.0,242.0
624,4-Jun-12,5.28,9150600.0,1293.0,188.0
625,6-Jun-12,5.47,9165850.0,1321.0,229.0
626,8-Jun-12,5.66,9179550.0,1345.0,321.0
627,10-Jun-12,5.62,9196400.0,1375.0,361.0
628,12-Jun-12,5.7,9211100.0,1400.0,247.0
629,14-Jun-12,5.95,9226500.0,1447.0,209.0
630,16-Jun-12,6.6,9242450.0,1494.0,217.0
631,18-Jun-12,6.47,9258450.0,1528.0,133.0
632,20-Jun-12,6.65,9274350.0,1561.0,169.0
633,22-Jun-12,6.8,9287500.0,1585.0,189.0
634,24-Jun-12,6.59,9302600.0,1604.0,159.0
635,26-Jun-12,6.45,9317650.0,1629.0,136.0
636,28-Jun-12,6.67,9332500.0,1654.0,158.0
637,30-Jun-12,6.69,9346600.0,1672.0,160.0
638,2-Jul-12,6.75,9361550.0,1689.0,153.0
639,4-Jul-12,6.55,9376750.0,1707.0,153.0
640,6-Jul-12,6.73,9391250.0,1725.0,220.0
641,8-Jul-12,6.87,9407450.0,1744.0,145.0
642,10-Jul-12,7.24,9423250.0,1769.0,173.0
643,12-Jul-12,7.32,9437650.0,1793.0,196.0
644,14-Jul-12,7.69,9453150.0,1814.0,217.0
645,16-Jul-12,8.29,9468000.0,1838.0,250.0
646,18-Jul-12,9.4,9484400.0,1867.0,239.0
647,20-Jul-12,9.23,9498500.0,1896.0,189.0
648,22-Jul-12,9.0,9512950.0,1924.0,157.0
649,24-Jul-12,8.96,9528500.0,1951.0,226.0
650,26-Jul-12,8.9,9545100.0,1976.0,271.0
651,28-Jul-12,8.93,9562000.0,2000.0,210.0
652,30-Jul-12,9.15,9578500.0,2030.0,187.0
653,1-Aug-12,9.54,9592200.0,2060.0,255.0
654,3-Aug-12,11.12,9608550.0,2086.0,228.0
655,5-Aug-12,11.19,9623300.0,2111.0,166.0
656,7-Aug-12,11.04,9637800.0,2136.0,199.0
657,9-Aug-12,12.0,9654250.0,2164.0,230.0
658,11-Aug-12,11.6,9670350.0,2186.0,319.0
659,13-Aug-12,11.87,9686450.0,2219.0,261.0
660,15-Aug-12,12.67,9703150.0,2256.0,191.0
661,17-Aug-12,15.4,9718000.0,2293.0,272.0
662,19-Aug-12,12.0,9733300.0,2326.0,198.0
663,21-Aug-12,10.3,9751800.0,2358.0,173.0
664,23-Aug-12,10.25,9767500.0,2387.0,205.0
665,25-Aug-12,10.25,9781850.0,2413.0,198.0
666,27-Aug-12,12.15,9798100.0,2438.0,257.0
667,29-Aug-12,11.21,9813900.0,2463.0,228.0
668,31-Aug-12,10.84,9828950.0,2493.0,230.0
669,2-Sep-12,10.19,9844750.0,2523.0,188.0
670,4-Sep-12,10.59,9860150.0,2556.0,196.0
671,6-Sep-12,11.17,9878450.0,2591.0,239.0
672,8-Sep-12,11.21,9894050.0,2619.0,192.0
673,10-Sep-12,11.13,9908900.0,2644.0,212.0
674,12-Sep-12,11.38,9923850.0,2672.0,144.0
675,14-Sep-12,11.75,9939200.0,2699.0,224.0
676,16-Sep-12,11.99,9953850.0,2724.0,183.0
677,18-Sep-12,12.09,9971000.0,2748.0,162.0
678,20-Sep-12,12.69,9985500.0,2776.0,159.0
679,22-Sep-12,12.44,10002250.0,2801.0,211.0
680,24-Sep-12,12.3,10017500.0,2826.0,157.0
681,26-Sep-12,12.28,10032100.0,2849.0,160.0
682,28-Sep-12,12.44,10047450.0,2875.0,233.0
683,30-Sep-12,12.47,10063450.0,2897.0,253.0
684,2-Oct-12,12.88,10077650.0,2922.0,231.0
685,4-Oct-12,13.09,10091250.0,2951.0,247.0
686,6-Oct-12,12.9,10105150.0,2981.0,217.0
687,8-Oct-12,12.08,10120300.0,3013.0,255.0
688,10-Oct-12,12.15,10135000.0,3043.0,189.0
689,12-Oct-12,12.15,10149450.0,3067.0,232.0
690,14-Oct-12,12.0,10163650.0,3096.0,179.0
691,16-Oct-12,11.99,10179100.0,3126.0,251.0
692,18-Oct-12,11.96,10193900.0,3156.0,292.0
693,20-Oct-12,11.85,10208750.0,3183.0,203.0
694,22-Oct-12,11.81,10224950.0,3215.0,98.0
695,24-Oct-12,11.82,10239600.0,3249.0,121.0
696,26-Oct-12,11.1,10254550.0,3272.0,205.0
697,28-Oct-12,10.61,10271900.0,3288.0,189.0
698,30-Oct-12,10.85,10287250.0,3311.0,141.0
699,1-Nov-12,11.28,10300950.0,3336.0,206.0
700,3-Nov-12,10.6,10315350.0,3359.0,215.0
701,5-Nov-12,10.9,10331000.0,3384.0,166.0
702,7-Nov-12,11.22,10345650.0,3414.0,174.0
703,9-Nov-12,11.07,10361000.0,3441.0,202.0
704,11-Nov-12,10.94,10375600.0,3463.0,264.0
705,13-Nov-12,11.13,10389450.0,3485.0,208.0
706,15-Nov-12,11.11,10403450.0,3514.0,236.0
707,17-Nov-12,11.8,10417550.0,3548.0,224.0
708,19-Nov-12,11.8,10431650.0,3578.0,180.0
709,21-Nov-12,11.78,10447300.0,3614.0,218.0
710,23-Nov-12,12.43,10461900.0,3644.0,216.0
711,25-Nov-12,12.6,10477050.0,3672.0,219.0
712,27-Nov-12,12.53,10492600.0,3702.0,136.0
713,29-Nov-12,12.6,10504650.0,3736.0,252.0
714,1-Dec-12,12.69,10511875.0,3764.0,260.0
715,3-Dec-12,12.68,10519400.0,3783.0,235.0
716,5-Dec-12,13.5,10525175.0,3811.0,270.0
717,7-Dec-12,13.68,10531850.0,3843.0,273.0
718,9-Dec-12,13.53,10538475.0,3871.0,398.0
719,11-Dec-12,13.64,10545650.0,3905.0,295.0
720,13-Dec-12,13.8,10552275.0,3939.0,369.0
721,15-Dec-12,13.77,10557825.0,3972.0,334.0
722,17-Dec-12,13.5,10563850.0,4004.0,361.0
723,19-Dec-12,13.4,10570575.0,4046.0,292.0
724,21-Dec-12,13.65,10576300.0,4079.0,248.0
725,23-Dec-12,13.49,10583350.0,4117.0,269.0
726,25-Dec-12,13.45,10589600.0,4146.0,273.0
727,27-Dec-12,13.47,10597225.0,4182.0,174.0
728,29-Dec-12,13.67,10604975.0,4221.0,258.0
729,31-Dec-12,13.59,10613175.0,4255.0,261.0
730,2-Jan-13,13.4,10621175.0,4284.0,244.0
731,4-Jan-13,13.49,10628700.0,4323.0,323.0
732,6-Jan-13,13.53,10635975.0,4353.0,451.0
733,8-Jan-13,13.83,10643750.0,4387.0,383.0
734,10-Jan-13,14.32,10650750.0,4430.0,359.0
735,12-Jan-13,14.35,10656750.0,4473.0,390.0
736,14-Jan-13,14.3,10663650.0,4512.0,400.0
737,16-Jan-13,14.69,10669900.0,4553.0,283.0
738,18-Jan-13,15.99,10676100.0,4598.0,360.0
739,20-Jan-13,15.89,10682925.0,4640.0,331.0
740,22-Jan-13,17.59,10689775.0,4676.0,351.0
741,24-Jan-13,19.19,10696825.0,4722.0,330.0
742,26-Jan-13,17.62,10704050.0,4767.0,242.0
743,28-Jan-13,18.45,10711550.0,4814.0,365.0
744,30-Jan-13,19.7,10719225.0,4861.0,326.0
745,1-Feb-13,21.3,10727800.0,4907.0,290.0
746,3-Feb-13,20.68,10735950.0,4958.0,433.0
747,5-Feb-13,20.79,10744650.0,5006.0,349.0
748,7-Feb-13,22.15,10752200.0,5051.0,411.0
749,9-Feb-13,23.7,10759400.0,5102.0,328.0
750,11-Feb-13,24.2,10767475.0,5153.0,270.0
751,13-Feb-13,26.1,10774975.0,5205.0,287.0
752,15-Feb-13,27.0,10783475.0,5256.0,333.0
753,17-Feb-13,25.61,10792850.0,5302.0,365.0
754,19-Feb-13,28.79,10801025.0,5348.0,352.0
755,21-Feb-13,29.8,10810275.0,5402.0,400.0
756,23-Feb-13,29.28,10818350.0,5455.0,356.0
757,25-Feb-13,30.25,10827325.0,5509.0,404.0
758,27-Feb-13,31.4,10836275.0,5564.0,367.0
759,1-Mar-13,34.88,10844500.0,5622.0,410.0
760,3-Mar-13,34.1,10852050.0,5672.0,443.0
761,5-Mar-13,40.04,10860175.0,5727.0,385.0
762,7-Mar-13,42.49,10868025.0,5788.0,376.0
763,9-Mar-13,46.01,10875925.0,5840.0,318.0
764,11-Mar-13,47.74,10885200.0,5905.0,246.0
765,13-Mar-13,46.8,10892000.0,5952.0,220.0
766,15-Mar-13,47.25,10900875.0,6008.0,227.0
767,17-Mar-13,47.44,10910350.0,6046.0,267.0
768,19-Mar-13,57.76,10919750.0,6087.0,229.0
769,21-Mar-13,73.8,10930000.0,6133.0,302.0
770,23-Mar-13,63.0,10940875.0,6191.0,319.0
771,25-Mar-13,73.89,10949700.0,6239.0,360.0
772,27-Mar-13,88.9,10956750.0,6287.0,240.0
773,29-Mar-13,89.05,10965775.0,6349.0,366.0
774,31-Mar-13,92.5,10973850.0,6406.0,389.0
775,2-Apr-13,108.73,10983675.0,6463.0,363.0
776,4-Apr-13,132.0,10992125.0,6530.0,365.0
777,6-Apr-13,142.5,10999925.0,6584.0,412.0
778,8-Apr-13,184.0,11008200.0,6647.0,348.0
779,10-Apr-13,198.0,11017000.0,6709.0,345.0
780,12-Apr-13,76.49,11025425.0,6773.0,336.0
781,14-Apr-13,91.0,11033475.0,6822.0,462.0
782,16-Apr-13,91.0,11042050.0,6879.0,259.0
783,18-Apr-13,96.5,11050300.0,6930.0,360.0
784,20-Apr-13,123.86,11057050.0,6981.0,384.0
785,22-Apr-13,123.52,11065450.0,7025.0,303.0
786,24-Apr-13,153.2,11073800.0,7086.0,276.0
787,26-Apr-13,135.6,11082075.0,7142.0,357.0
788,28-Apr-13,135.99,11090225.0,7186.0,379.0
789,30-Apr-13,139.11,11098475.0,7238.0,320.0
790,2-May-13,105.0,11105600.0,7288.0,336.0
791,4-May-13,111.99,11113125.0,7339.0,399.0
792,6-May-13,120.95,11121050.0,7389.0,402.0
793,8-May-13,113.95,11129525.0,7443.0,345.0
794,10-May-13,117.68,11137850.0,7505.0,451.0
795,12-May-13,114.32,11146675.0,7570.0,378.0
796,14-May-13,119.0,11154850.0,7628.0,305.0
797,16-May-13,115.09,11162150.0,7689.0,366.0
798,18-May-13,123.75,11169850.0,7742.0,340.0
799,20-May-13,122.65,11177150.0,7786.0,324.0
800,22-May-13,122.64,11185025.0,7838.0,304.0
801,24-May-13,131.5,11193100.0,7890.0,326.0
802,26-May-13,134.05,11201425.0,7937.0,309.0
803,28-May-13,128.32,11209775.0,7987.0,250.0
804,30-May-13,131.0,11218200.0,8040.0,286.0
805,1-Jun-13,129.2,11227800.0,8092.0,314.0
806,3-Jun-13,120.0,11238125.0,8141.0,285.0
807,5-Jun-13,122.41,11248425.0,8195.0,235.0
808,7-Jun-13,110.3,11256900.0,8247.0,232.0
809,9-Jun-13,98.47,11265275.0,8290.0,279.0
810,11-Jun-13,108.0,11274175.0,8332.0,214.0
811,13-Jun-13,109.0,11284000.0,8373.0,322.0
812,15-Jun-13,101.97,11292700.0,8414.0,338.0
813,17-Jun-13,100.53,11301225.0,8451.0,247.0
814,19-Jun-13,107.84,11308000.0,8493.0,286.0
815,21-Jun-13,111.0,11315975.0,8540.0,241.0
816,23-Jun-13,107.68,11324675.0,8578.0,287.0
817,25-Jun-13,103.87,11331950.0,8617.0,201.0
818,27-Jun-13,102.79,11340825.0,8658.0,275.0
819,29-Jun-13,95.85,11349050.0,8698.0,203.0
820,1-Jul-13,91.0,11356975.0,8728.0,196.0
821,3-Jul-13,82.8,11365275.0,8762.0,198.0
822,5-Jul-13,67.86,11373950.0,8793.0,230.0
823,7-Jul-13,70.94,11383325.0,8823.0,303.0
824,9-Jul-13,76.33,11393000.0,8859.0,209.0
825,11-Jul-13,87.15,11402075.0,8896.0,236.0
826,13-Jul-13,96.0,11409975.0,8938.0,239.0
827,15-Jul-13,98.38,11418325.0,8971.0,179.0
828,17-Jul-13,97.97,11426650.0,9006.0,206.0
829,19-Jul-13,93.41,11435175.0,9041.0,259.0
830,21-Jul-13,88.94,11444725.0,9073.0,232.0
831,23-Jul-13,95.4,11452850.0,9107.0,187.0
832,25-Jul-13,96.2,11460125.0,9144.0,216.0
833,27-Jul-13,95.2,11468700.0,9179.0,247.0
834,29-Jul-13,101.04,11477275.0,9214.0,274.0
835,31-Jul-13,104.96,11486875.0,9257.0,249.0
836,2-Aug-13,105.5,11496250.0,9302.0,325.0
837,4-Aug-13,104.67,11505000.0,9344.0,255.0
838,6-Aug-13,106.88,11514525.0,9388.0,191.0
839,8-Aug-13,101.9,11523975.0,9438.0,278.0
840,10-Aug-13,102.62,11534150.0,9484.0,353.0
841,12-Aug-13,104.99,11545225.0,9526.0,316.0
842,14-Aug-13,100.03,11553875.0,9576.0,392.0
843,16-Aug-13,98.51,11562350.0,9633.0,307.0
844,18-Aug-13,99.02,11571950.0,9681.0,278.0
845,20-Aug-13,104.59,11580925.0,9741.0,315.0
846,22-Aug-13,111.01,11591275.0,9794.0,354.0
847,24-Aug-13,108.79,11601300.0,9845.0,310.0
848,26-Aug-13,111.8,11608950.0,9890.0,244.0
849,28-Aug-13,119.25,11617425.0,9946.0,214.0
850,30-Aug-13,124.79,11627225.0,9999.0,293.0
851,1-Sep-13,130.82,11638150.0,10043.0,333.0
852,3-Sep-13,130.45,11648650.0,10089.0,311.0
853,5-Sep-13,124.51,11657075.0,10136.0,287.0
854,7-Sep-13,120.15,11665900.0,10187.0,245.0
855,9-Sep-13,121.66,11674450.0,10231.0,218.0
856,11-Sep-13,124.1,11684125.0,10275.0,298.0
857,13-Sep-13,128.29,11694575.0,10320.0,426.0
858,15-Sep-13,125.46,11704550.0,10362.0,305.0
859,17-Sep-13,127.56,11713200.0,10414.0,255.0
860,19-Sep-13,124.1,11721850.0,10468.0,316.0
861,21-Sep-13,123.5,11731350.0,10518.0,317.0
862,23-Sep-13,123.02,11742025.0,10567.0,261.0
863,25-Sep-13,124.18,11752400.0,10620.0,256.0
864,27-Sep-13,125.6,11761075.0,10668.0,349.0
865,29-Sep-13,128.1,11769550.0,10708.0,307.0
866,1-Oct-13,127.11,11778550.0,10751.0,221.0
867,3-Oct-13,116.95,11788075.0,10810.0,274.0
868,5-Oct-13,121.51,11797800.0,10856.0,296.0
869,7-Oct-13,123.6,11806675.0,10897.0,252.0
870,9-Oct-13,126.08,11815150.0,10939.0,216.0
871,11-Oct-13,126.84,11824450.0,10990.0,237.0
872,13-Oct-13,129.74,11835100.0,11038.0,349.0
873,15-Oct-13,139.24,11847750.0,11092.0,230.0
874,17-Oct-13,143.33,11857700.0,11139.0,260.0
875,19-Oct-13,165.05,11867500.0,11193.0,302.0
876,21-Oct-13,177.07,11877925.0,11246.0,248.0
877,23-Oct-13,199.95,11889425.0,11307.0,271.0
878,25-Oct-13,172.81,11900650.0,11372.0,244.0
879,27-Oct-13,189.06,11910050.0,11418.0,254.0
880,29-Oct-13,202.09,11918450.0,11464.0,182.0
881,31-Oct-13,201.61,11928575.0,11514.0,300.0
882,2-Nov-13,204.15,11938750.0,11560.0,380.0
883,4-Nov-13,225.1,11948650.0,11601.0,407.0
884,6-Nov-13,258.23,11956950.0,11658.0,279.0
885,8-Nov-13,325.56,11964125.0,11718.0,335.0
886,10-Nov-13,296.91,11971875.0,11778.0,380.0
887,12-Nov-13,353.95,11981475.0,11833.0,248.0
888,14-Nov-13,416.5,11990400.0,11896.0,602.0
889,16-Nov-13,433.53,11999375.0,11950.0,479.0
890,18-Nov-13,583.16,12008300.0,12011.0,463.0
891,20-Nov-13,595.0,12016250.0,12098.0,399.0
892,22-Nov-13,761.0,12024100.0,12177.0,549.0
893,24-Nov-13,833.16,12032450.0,12244.0,488.0
894,26-Nov-13,844.9,12041050.0,12315.0,344.0
895,28-Nov-13,1009.0,12049750.0,12405.0,411.0
896,30-Nov-13,1119.96,12058375.0,12485.0,497.0
897,2-Dec-13,992.27,12067325.0,12554.0,391.0
898,4-Dec-13,1151.0,12076500.0,12630.0,293.0
899,6-Dec-13,894.0,12086050.0,12707.0,432.0
900,8-Dec-13,722.99,12095325.0,12766.0,360.0
901,10-Dec-13,936.98,12105225.0,12830.0,291.0
902,12-Dec-13,845.75,12113325.0,12891.0,363.0
903,14-Dec-13,864.7,12122475.0,12954.0,318.0
904,16-Dec-13,709.0,12131750.0,13017.0,362.0
905,18-Dec-13,576.16,12141925.0,13094.0,327.0
906,20-Dec-13,660.0,12152375.0,13159.0,331.0
907,22-Dec-13,637.0,12160600.0,13215.0,315.0
908,24-Dec-13,647.27,12168725.0,13271.0,326.0
909,26-Dec-13,734.42,12177500.0,13328.0,309.0
910,28-Dec-13,701.61,12185975.0,13381.0,331.0
911,30-Dec-13,739.1,12194575.0,13440.0,364.0
912,1-Jan-14,746.9,12203800.0,13488.0,381.0
913,3-Jan-14,806.21,12211525.0,13545.0,319.0
914,5-Jan-14,896.0,12219725.0,13602.0,280.0
915,7-Jan-14,867.38,12228825.0,13671.0,259.0
916,9-Jan-14,809.17,12238275.0,13730.0,360.0
917,11-Jan-14,891.85,12248500.0,13787.0,287.0
918,13-Jan-14,807.83,12258325.0,13840.0,326.0
919,15-Jan-14,847.7,12266450.0,13897.0,321.0
920,17-Jan-14,793.0,12275275.0,13954.0,349.0
921,19-Jan-14,833.0,12283950.0,14004.0,346.0
922,21-Jan-14,822.56,12292825.0,14072.0,322.0
923,23-Jan-14,813.02,12302025.0,14137.0,395.0
924,25-Jan-14,806.0,12310800.0,14197.0,380.0
925,27-Jan-14,777.0,12318825.0,14254.0,288.0
926,29-Jan-14,803.6,12326925.0,14316.0,303.0
927,31-Jan-14,802.5,12335525.0,14377.0,397.0
928,2-Feb-14,819.57,12344900.0,14434.0,435.0
929,4-Feb-14,809.05,12353975.0,14502.0,392.0
930,6-Feb-14,778.0,12362425.0,14577.0,376.0
931,8-Feb-14,707.0,12370925.0,14650.0,371.0
932,10-Feb-14,665.0,12378525.0,14712.0,356.0
933,12-Feb-14,667.01,12386875.0,14784.0,344.0
934,14-Feb-14,672.1,12396150.0,14866.0,347.0
935,16-Feb-14,623.5,12405475.0,14929.0,437.0
936,18-Feb-14,626.77,12413800.0,14997.0,322.0
937,20-Feb-14,582.7,12422850.0,15075.0,494.0
938,22-Feb-14,603.98,12431150.0,15148.0,392.0
939,24-Feb-14,545.0,12440250.0,15222.0,428.0
940,26-Feb-14,585.38,12449025.0,15313.0,511.0
941,28-Feb-14,577.97,12458275.0,15391.0,460.0
942,2-Mar-14,559.88,12465700.0,15466.0,416.0
943,4-Mar-14,677.61,12472725.0,15562.0,373.0
944,6-Mar-14,657.02,12480800.0,15650.0,452.0
945,8-Mar-14,609.0,12489350.0,15728.0,445.0
946,10-Mar-14,621.99,12497575.0,15802.0,376.0
947,12-Mar-14,642.1,12505975.0,15887.0,364.0
948,14-Mar-14,636.47,12513675.0,15968.0,434.0
949,16-Mar-14,634.94,12522000.0,16031.0,408.0
950,18-Mar-14,627.0,12530075.0,16090.0,277.0
951,20-Mar-14,590.0,12538125.0,16159.0,480.0
952,22-Mar-14,557.0,12547050.0,16244.0,424.0
953,24-Mar-14,572.0,12557150.0,16312.0,321.0
954,26-Mar-14,585.7,12564875.0,16389.0,375.0
955,28-Mar-14,503.0,12573625.0,16470.0,360.0
956,30-Mar-14,449.02,12581625.0,16532.0,326.0
957,1-Apr-14,479.51,12590300.0,16604.0,334.0
958,3-Apr-14,446.31,12600125.0,16678.0,449.0
959,5-Apr-14,451.84,12609625.0,16749.0,394.0
960,7-Apr-14,447.74,12616825.0,16813.0,324.0
961,9-Apr-14,443.1,12624350.0,16892.0,353.0
962,11-Apr-14,427.99,12632450.0,16971.0,459.0
963,13-Apr-14,405.0,12641425.0,17029.0,362.0
964,15-Apr-14,489.91,12650850.0,17111.0,290.0
965,17-Apr-14,495.0,12658925.0,17194.0,475.0
966,19-Apr-14,499.9,12666900.0,17258.0,460.0
967,21-Apr-14,496.5,12675575.0,17321.0,328.0
968,23-Apr-14,487.3,12683800.0,17400.0,378.0
969,25-Apr-14,459.15,12691575.0,17482.0,437.0
970,27-Apr-14,440.1,12700200.0,17546.0,355.0
971,29-Apr-14,447.7,12708300.0,17618.0,337.0
972,1-May-14,460.01,12716150.0,17690.0,412.0
973,3-May-14,434.5,12724000.0,17753.0,438.0
974,5-May-14,427.83,12730925.0,17817.0,337.0
975,7-May-14,446.65,12739650.0,17897.0,446.0
976,9-May-14,452.02,12747700.0,17972.0,466.0
977,11-May-14,435.0,12756275.0,18034.0,378.0
978,13-May-14,438.95,12764450.0,18112.0,328.0
979,15-May-14,448.99,12772350.0,18192.0,388.0
980,17-May-14,449.08,12781475.0,18264.0,425.0
981,19-May-14,446.42,12789750.0,18334.0,346.0
982,21-May-14,494.87,12798675.0,18419.0,389.0
983,23-May-14,527.47,12806800.0,18501.0,408.0
984,25-May-14,575.0,12814775.0,18566.0,410.0
985,27-May-14,581.87,12822225.0,18643.0,295.0
986,29-May-14,568.0,12829925.0,18723.0,371.0
987,31-May-14,620.45,12837800.0,18793.0,459.0
988,2-Jun-14,631.49,12846750.0,18863.0,347.0
989,4-Jun-14,644.66,12856025.0,18943.0,411.0
990,6-Jun-14,655.75,12863350.0,19021.0,421.0
991,8-Jun-14,652.0,12870925.0,19080.0,387.0
992,10-Jun-14,649.89,12878750.0,19154.0,289.0
993,12-Jun-14,617.0,12886275.0,19227.0,377.0
994,14-Jun-14,557.92,12894875.0,19299.0,412.0
995,16-Jun-14,595.0,12904600.0,19369.0,274.0
996,18-Jun-14,604.6,12913300.0,19445.0,358.0
997,20-Jun-14,593.33,12921700.0,19517.0,342.0
998,22-Jun-14,596.08,12931250.0,19580.0,335.0
999,24-Jun-14,585.54,12940150.0,19650.0,300.0
1000,26-Jun-14,569.0,12949075.0,19724.0,514.0
1001,28-Jun-14,597.08,12958425.0,19792.0,475.0
1002,30-Jun-14,620.0,12965900.0,19861.0,319.0
1003,2-Jul-14,654.0,12972825.0,19946.0,431.0
1004,4-Jul-14,635.49,12980150.0,20017.0,444.0
1005,6-Jul-14,634.49,12987675.0,20077.0,399.0
1006,8-Jul-14,623.7,12995200.0,20154.0,344.0
1007,10-Jul-14,619.78,13003025.0,20235.0,503.0
1008,12-Jul-14,631.98,13010900.0,20303.0,401.0
1009,14-Jul-14,622.8,13018375.0,20370.0,340.0
1010,16-Jul-14,619.48,13025950.0,20447.0,413.0
1011,18-Jul-14,629.86,13034200.0,20523.0,471.0
1012,20-Jul-14,623.77,13042750.0,20591.0,402.0
1013,22-Jul-14,621.03,13050050.0,20665.0,329.0
1014,24-Jul-14,601.18,13057425.0,20740.0,434.0
1015,26-Jul-14,595.88,13064850.0,20810.0,439.0
1016,28-Jul-14,586.96,13072275.0,20878.0,354.0
1017,30-Jul-14,573.48,13080375.0,20953.0,467.0
1018,1-Aug-14,601.94,13088050.0,21032.0,515.0
1019,3-Aug-14,589.79,13096075.0,21095.0,429.0
1020,5-Aug-14,580.21,13102750.0,21172.0,326.0
1021,7-Aug-14,587.24,13110500.0,21258.0,435.0
1022,9-Aug-14,588.61,13118850.0,21334.0,477.0
1023,11-Aug-14,578.97,13127875.0,21412.0,440.0
1024,13-Aug-14,550.14,13136325.0,21502.0,388.0
1025,15-Aug-14,498.16,13144650.0,21589.0,462.0
1026,17-Aug-14,491.88,13153050.0,21679.0,423.0
1027,19-Aug-14,487.5,13162575.0,21758.0,335.0
1028,21-Aug-14,525.78,13170725.0,21841.0,445.0
1029,23-Aug-14,503.88,13178675.0,21912.0,382.0
1030,25-Aug-14,503.79,13186125.0,21983.0,371.0
1031,27-Aug-14,514.84,13194300.0,22066.0,441.0
1032,29-Aug-14,511.99,13202975.0,22142.0,453.0
1033,31-Aug-14,477.98,13212150.0,22210.0,449.0
1034,2-Sep-14,483.65,13219475.0,22288.0,362.0
1035,4-Sep-14,486.0,13227625.0,22367.0,605.0
1036,6-Sep-14,481.09,13235550.0,22442.0,417.0
1037,8-Sep-14,476.61,13243475.0,22520.0,353.0
1038,10-Sep-14,485.03,13250675.0,22620.0,500.0
1039,12-Sep-14,470.43,13258750.0,22693.0,422.0
1040,14-Sep-14,475.49,13267425.0,22766.0,442.0
1041,16-Sep-14,468.0,13275350.0,22862.0,360.0
1042,18-Sep-14,428.19,13284700.0,22949.0,471.0
1043,20-Sep-14,415.56,13293075.0,23023.0,475.0
1044,22-Sep-14,400.98,13301375.0,23100.0,522.0
1045,24-Sep-14,431.91,13309225.0,23189.0,531.0
1046,26-Sep-14,405.14,13317075.0,23279.0,539.0
1047,28-Sep-14,380.0,13323750.0,23362.0,515.0
1048,30-Sep-14,382.67,13331000.0,23450.0,374.0
1049,2-Oct-14,375.85,13338325.0,23537.0,521.0
1050,4-Oct-14,336.0,13345425.0,23623.0,555.0
1051,6-Oct-14,331.2,13353875.0,23709.0,459.0
1052,8-Oct-14,346.26,13360925.0,23799.0,492.0
1053,10-Oct-14,358.97,13368450.0,23886.0,524.0
1054,12-Oct-14,364.83,13375725.0,23963.0,536.0
1055,14-Oct-14,411.89,13383050.0,24056.0,467.0
1056,16-Oct-14,378.02,13390475.0,24142.0,581.0
1057,18-Oct-14,389.68,13398050.0,24221.0,553.0
1058,20-Oct-14,384.95,13404850.0,24305.0,483.0
1059,22-Oct-14,385.1,13412625.0,24396.0,537.0
1060,24-Oct-14,358.46,13420275.0,24486.0,626.0
1061,26-Oct-14,355.43,13427325.0,24567.0,468.0
1062,28-Oct-14,354.94,13434800.0,24664.0,462.0
1063,30-Oct-14,337.0,13442725.0,24762.0,551.0
1064,1-Nov-14,327.39,13451425.0,24851.0,623.0
1065,3-Nov-14,325.81,13459400.0,24946.0,486.0
1066,5-Nov-14,341.99,13467500.0,25045.0,536.0
1067,7-Nov-14,342.26,13474725.0,25148.0,650.0
1068,9-Nov-14,356.34,13482100.0,25237.0,607.0
1069,11-Nov-14,365.04,13489575.0,25334.0,505.0
1070,13-Nov-14,406.56,13496600.0,25443.0,583.0
1071,15-Nov-14,373.14,13504000.0,25536.0,624.0
1072,17-Nov-14,378.48,13511425.0,25632.0,492.0
1073,19-Nov-14,374.77,13518600.0,25729.0,540.0
1074,21-Nov-14,356.9,13525125.0,25825.0,629.0
1075,23-Nov-14,362.99,13532600.0,25913.0,554.0
1076,25-Nov-14,381.03,13539675.0,26010.0,518.0
1077,27-Nov-14,372.62,13546525.0,26108.0,709.0
1078,29-Nov-14,377.22,13554175.0,26201.0,681.0
1079,1-Dec-14,381.72,13561650.0,26309.0,576.0
1080,3-Dec-14,378.25,13568225.0,26421.0,563.0
1081,5-Dec-14,373.98,13575675.0,26528.0,553.0
1082,7-Dec-14,375.73,13582350.0,26618.0,564.0
1083,9-Dec-14,350.29,13589575.0,26722.0,560.0
1084,11-Dec-14,356.1,13597300.0,26822.0,742.0
1085,13-Dec-14,350.31,13604425.0,26910.0,742.0
1086,15-Dec-14,352.15,13611550.0,27017.0,648.0
1087,17-Dec-14,318.2,13618050.0,27129.0,693.0
1088,19-Dec-14,317.63,13624625.0,27241.0,592.0
1089,21-Dec-14,326.93,13631775.0,27342.0,497.0
1090,23-Dec-14,336.96,13639050.0,27452.0,447.0
1091,25-Dec-14,319.31,13647050.0,27541.0,583.0
1092,27-Dec-14,314.45,13654650.0,27624.0,355.0
1093,29-Dec-14,314.49,13663050.0,27715.0,505.0
1094,31-Dec-14,317.4,13670575.0,27805.0,558.0
1095,2-Jan-15,316.15,13678725.0,27875.0,627.0
1096,4-Jan-15,270.93,13686975.0,27971.0,692.0
1097,6-Jan-15,276.8,13695100.0,28073.0,639.0
1098,8-Jan-15,276.8,13702175.0,28176.0,943.0
1099,10-Jan-15,278.0,13709500.0,28293.0,833.0
1100,12-Jan-15,270.0,13717275.0,28400.0,655.0
1101,14-Jan-15,176.5,13723675.0,28518.0,607.0
1102,16-Jan-15,205.35,13730875.0,28637.0,731.0
1103,18-Jan-15,211.18,13738025.0,28740.0,703.0
1104,20-Jan-15,212.99,13744900.0,28847.0,653.0
1105,22-Jan-15,233.9,13752075.0,28955.0,683.0
1106,24-Jan-15,244.64,13758200.0,29050.0,520.0
1107,26-Jan-15,271.47,13764525.0,29167.0,540.0
1108,28-Jan-15,249.25,13772100.0,29270.0,566.0
1109,30-Jan-15,230.11,13779825.0,29360.0,554.0
1110,1-Feb-15,220.72,13787950.0,29454.0,476.0
1111,3-Feb-15,236.51,13795000.0,29554.0,646.0
1112,5-Feb-15,217.37,13802700.0,29650.0,690.0
1113,7-Feb-15,225.16,13811375.0,29742.0,690.0
1114,9-Feb-15,220.39,13818450.0,29849.0,664.0
1115,11-Feb-15,221.99,13825950.0,29959.0,654.0
1116,13-Feb-15,239.94,13832850.0,30078.0,649.0
1117,15-Feb-15,243.99,13840225.0,30212.0,582.0
1118,17-Feb-15,244.0,13848050.0,30341.0,569.0
1119,19-Feb-15,241.59,13856175.0,30456.0,756.0
1120,21-Feb-15,245.66,13863775.0,30573.0,703.0
1121,23-Feb-15,237.09,13870975.0,30683.0,668.0
1122,25-Feb-15,238.59,13878325.0,30794.0,686.0
1123,27-Feb-15,254.0,13885875.0,30905.0,667.0
1124,1-Mar-15,247.56,13893000.0,31019.0,609.0
1125,3-Mar-15,275.8,13900600.0,31145.0,554.0
1126,5-Mar-15,265.63,13907375.0,31259.0,744.0
1127,7-Mar-15,275.83,13914850.0,31378.0,734.0
1128,9-Mar-15,287.48,13922050.0,31488.0,662.0
1129,11-Mar-15,293.29,13929975.0,31616.0,746.0
1130,13-Mar-15,289.51,13936775.0,31733.0,730.0
1131,15-Mar-15,283.57,13943800.0,31833.0,731.0
1132,17-Mar-15,287.02,13950650.0,31945.0,634.0
1133,19-Mar-15,260.62,13957750.0,32061.0,577.0
1134,21-Mar-15,257.83,13964850.0,32172.0,660.0
1135,23-Mar-15,266.07,13971975.0,32283.0,600.0
1136,25-Mar-15,245.68,13980300.0,32384.0,719.0
1137,27-Mar-15,248.63,13988325.0,32492.0,891.0
1138,29-Mar-15,244.05,13995850.0,32594.0,687.0
1139,31-Mar-15,242.92,14003125.0,32706.0,622.0
1140,2-Apr-15,252.44,14010350.0,32832.0,703.0
1141,4-Apr-15,253.77,14017975.0,32944.0,823.0
1142,6-Apr-15,254.7,14024975.0,33054.0,755.0
1143,8-Apr-15,245.89,14031925.0,33172.0,746.0
1144,10-Apr-15,235.71,14039050.0,33288.0,857.0
1145,12-Apr-15,236.76,14045875.0,33389.0,761.0
1146,14-Apr-15,216.0,14053350.0,33510.0,634.0
1147,16-Apr-15,229.62,14059875.0,33616.0,717.0
1148,18-Apr-15,222.32,14066550.0,33722.0,777.0
1149,20-Apr-15,224.63,14074100.0,33832.0,654.0
1150,22-Apr-15,237.34,14081650.0,33951.0,792.0
1151,24-Apr-15,230.93,14088100.0,34068.0,906.0
1152,26-Apr-15,218.42,14095675.0,34176.0,715.0
1153,28-Apr-15,222.66,14103050.0,34294.0,623.0
1154,30-Apr-15,235.13,14109600.0,34414.0,741.0
1155,2-May-15,234.13,14116950.0,34523.0,704.0
1156,4-May-15,236.17,14123700.0,34622.0,783.0
1157,6-May-15,235.79,14131125.0,34739.0,691.0
1158,8-May-15,244.72,14138850.0,34859.0,670.0
1159,10-May-15,239.35,14145225.0,34963.0,653.0
1160,12-May-15,241.51,14152900.0,35083.0,494.0
1161,14-May-15,238.32,14160450.0,35193.0,783.0
1162,16-May-15,236.63,14167775.0,35300.0,653.0
1163,18-May-15,236.45,14175525.0,35405.0,772.0
1164,20-May-15,234.6,14182475.0,35520.0,732.0
1165,22-May-15,240.5,14189850.0,35627.0,748.0
1166,24-May-15,240.46,14196375.0,35732.0,784.0
1167,26-May-15,235.94,14203350.0,35850.0,653.0
1168,28-May-15,236.48,14210275.0,35970.0,914.0
1169,30-May-15,231.12,14217300.0,36102.0,872.0
1170,1-Jun-15,222.4,14224400.0,36219.0,633.0
1171,3-Jun-15,226.29,14231600.0,36356.0,666.0
1172,5-Jun-15,224.15,14238700.0,36478.0,842.0
1173,7-Jun-15,222.6,14246900.0,36587.0,919.0
1174,9-Jun-15,230.1,14254475.0,36696.0,693.0
1175,11-Jun-15,229.0,14262300.0,36845.0,1008.0
1176,13-Jun-15,230.22,14269650.0,36974.0,792.0
1177,15-Jun-15,236.46,14277025.0,37102.0,856.0
1178,17-Jun-15,249.96,14283650.0,37251.0,755.0
1179,19-Jun-15,246.45,14291525.0,37396.0,758.0
1180,21-Jun-15,242.47,14297925.0,37518.0,781.0
1181,23-Jun-15,243.92,14305200.0,37680.0,664.0
1182,25-Jun-15,241.92,14312975.0,37796.0,1041.0
1183,27-Jun-15,248.5,14319875.0,37919.0,968.0
1184,29-Jun-15,253.8,14326975.0,38041.0,737.0
1185,1-Jul-15,257.85,14334175.0,38212.0,892.0
1186,3-Jul-15,255.1,14341725.0,38356.0,1301.0
1187,5-Jul-15,270.92,14349225.0,38473.0,1374.0
1188,7-Jul-15,267.26,14357175.0,38664.0,1483.0
1189,9-Jul-15,270.68,14364475.0,38875.0,861.0
1190,11-Jul-15,293.5,14372000.0,39085.0,836.0
1191,13-Jul-15,289.9,14379075.0,39299.0,753.0
1192,15-Jul-15,290.95,14386400.0,39504.0,780.0
1193,17-Jul-15,277.99,14393400.0,39696.0,1003.0
1194,19-Jul-15,276.09,14400975.0,39888.0,653.0
1195,21-Jul-15,278.97,14408075.0,40024.0,649.0
1196,23-Jul-15,276.64,14415475.0,40158.0,826.0
1197,25-Jul-15,287.12,14423500.0,40277.0,975.0
1198,27-Jul-15,290.79,14430825.0,40414.0,994.0
1199,29-Jul-15,290.7,14438100.0,40606.0,806.0
1200,31-Jul-15,284.78,14445000.0,40820.0,1033.0
1201,2-Aug-15,280.69,14453025.0,41012.0,877.0
1202,4-Aug-15,285.0,14460300.0,41182.0,655.0
1203,6-Aug-15,277.1,14466950.0,41397.0,691.0
1204,8-Aug-15,269.89,14474425.0,41538.0,794.0
1205,10-Aug-15,264.07,14482175.0,41659.0,791.0
1206,12-Aug-15,267.89,14489475.0,41789.0,751.0
1207,14-Aug-15,266.99,14496550.0,41911.0,808.0
1208,16-Aug-15,257.47,14503575.0,42022.0,755.0
1209,18-Aug-15,253.91,14510800.0,42148.0,684.0
1210,20-Aug-15,233.23,14518475.0,42273.0,906.0
1211,22-Aug-15,226.04,14526150.0,42393.0,780.0
1212,24-Aug-15,213.24,14533500.0,42516.0,689.0
1213,26-Aug-15,228.84,14540825.0,42647.0,742.0
1214,28-Aug-15,234.17,14548275.0,42770.0,894.0
1215,30-Aug-15,226.47,14556000.0,42878.0,627.0
1216,1-Sep-15,228.32,14563775.0,43021.0,667.0
1217,3-Sep-15,227.42,14571400.0,43212.0,911.0
1218,5-Sep-15,234.67,14578975.0,43334.0,726.0
1219,7-Sep-15,241.31,14586350.0,43457.0,1128.0
1220,9-Sep-15,240.08,14593350.0,43646.0,1028.0
1221,11-Sep-15,239.93,14601900.0,43882.0,1134.0
1222,13-Sep-15,229.86,14608800.0,44065.0,1307.0
1223,15-Sep-15,230.0,14616850.0,44289.0,882.0
1224,17-Sep-15,234.0,14624100.0,44490.0,855.0
1225,19-Sep-15,230.71,14631000.0,44638.0,860.0
1226,21-Sep-15,226.56,14637300.0,44768.0,786.0
1227,23-Sep-15,229.95,14645050.0,44923.0,941.0
1228,25-Sep-15,235.79,14652725.0,45063.0,911.0
1229,27-Sep-15,232.85,14660125.0,45189.0,1087.0
1230,29-Sep-15,237.68,14667925.0,45336.0,667.0
1231,1-Oct-15,238.98,14675650.0,45487.0,955.0
1232,3-Oct-15,239.17,14682575.0,45621.0,1018.0
1233,5-Oct-15,239.22,14690050.0,45737.0,863.0
1234,7-Oct-15,245.25,14697150.0,45897.0,906.0
1235,9-Oct-15,244.78,14703900.0,46069.0,896.0
1236,11-Oct-15,248.08,14711375.0,46250.0,928.0
1237,13-Oct-15,249.58,14718225.0,46405.0,845.0
1238,15-Oct-15,254.73,14726100.0,46571.0,1087.0
1239,17-Oct-15,269.07,14733250.0,46737.0,954.0
1240,19-Oct-15,264.16,14740975.0,46895.0,1013.0
1241,21-Oct-15,269.1,14747775.0,47065.0,829.0
1242,23-Oct-15,277.43,14755550.0,47227.0,1138.0
1243,25-Oct-15,295.01,14762900.0,47384.0,1005.0
1244,27-Oct-15,294.73,14770650.0,47544.0,985.0
1245,29-Oct-15,310.36,14777750.0,47710.0,1126.0
1246,31-Oct-15,310.92,14785650.0,47878.0,1270.0
1247,2-Nov-15,340.69,14793250.0,48049.0,991.0
1248,4-Nov-15,437.05,14801075.0,48272.0,1039.0
1249,6-Nov-15,388.38,14808225.0,48477.0,967.0
1250,8-Nov-15,381.51,14815800.0,48644.0,940.0
1251,10-Nov-15,353.58,14823050.0,48813.0,954.0
1252,12-Nov-15,331.6,14831125.0,48991.0,982.0
1253,14-Nov-15,331.9,14839100.0,49153.0,1104.0
1254,16-Nov-15,329.32,14847125.0,49310.0,892.0
1255,18-Nov-15,334.46,14854650.0,49490.0,891.0
1256,20-Nov-15,320.62,14862125.0,49654.0,990.0
1257,22-Nov-15,322.33,14870925.0,49808.0,1051.0
1258,24-Nov-15,321.1,14878725.0,49975.0,832.0
1259,26-Nov-15,348.0,14886625.0,50148.0,960.0
1260,28-Nov-15,353.88,14894000.0,50322.0,1182.0
1261,30-Nov-15,372.53,14901675.0,50492.0,1191.0
1262,2-Dec-15,360.98,14910150.0,50692.0,1230.0
1263,4-Dec-15,360.88,14917400.0,50869.0,1257.0
1264,6-Dec-15,390.04,14925900.0,51071.0,1206.0
1265,8-Dec-15,394.99,14933650.0,51275.0,1249.0
1266,10-Dec-15,415.64,14942975.0,51501.0,1179.0
1267,12-Dec-15,426.06,14951525.0,51720.0,1381.0
1268,14-Dec-15,445.6,14959650.0,51934.0,1399.0
1269,16-Dec-15,454.43,14968675.0,52160.0,1442.0
1270,18-Dec-15,458.95,14976650.0,52368.0,1341.0
1271,20-Dec-15,434.98,14984750.0,52566.0,1374.0
1272,22-Dec-15,435.98,14992125.0,52789.0,802.0
1273,24-Dec-15,453.95,14999975.0,53009.0,1230.0
1274,26-Dec-15,417.99,15007975.0,53184.0,1139.0
1275,28-Dec-15,423.98,15016875.0,53367.0,1043.0
1276,30-Dec-15,428.0,15025000.0,53564.0,972.0
1277,1-Jan-16,432.33,15031975.0,53710.0,1304.0
1278,3-Jan-16,428.13,15039125.0,53867.0,1085.0
1279,5-Jan-16,431.9,15047575.0,54067.0,968.0
1280,7-Jan-16,453.71,15054575.0,54257.0,1117.0
1281,9-Jan-16,450.15,15062925.0,54462.0,1389.0
1282,11-Jan-16,447.11,15071425.0,54660.0,1369.0
1283,13-Jan-16,429.57,15079650.0,54864.0,1222.0
1284,15-Jan-16,391.62,15086025.0,55057.0,1342.0
1285,17-Jan-16,385.45,15092975.0,55265.0,1370.0
1286,19-Jan-16,378.66,15101075.0,55493.0,1166.0
1287,21-Jan-16,408.0,15108075.0,55731.0,1440.0
1288,23-Jan-16,388.5,15116675.0,55959.0,1563.0
1289,25-Jan-16,387.09,15125150.0,56170.0,1186.0
1290,27-Jan-16,394.45,15133100.0,56405.0,1260.0
1291,29-Jan-16,377.26,15141050.0,56637.0,1149.0
1292,31-Jan-16,376.86,15149950.0,56843.0,1199.0
1293,2-Feb-16,373.48,15158450.0,57103.0,1165.0
1294,4-Feb-16,385.06,15167425.0,57341.0,1365.0
1295,6-Feb-16,373.04,15176700.0,57579.0,1184.0
1296,8-Feb-16,375.8,15185275.0,57821.0,1245.0
1297,10-Feb-16,378.98,15193725.0,58066.0,1401.0
1298,12-Feb-16,381.46,15202500.0,58293.0,1624.0
1299,14-Feb-16,402.38,15210825.0,58497.0,1550.0
1300,16-Feb-16,406.69,15218250.0,58717.0,1660.0
1301,18-Feb-16,418.97,15226250.0,58945.0,1826.0
1302,20-Feb-16,439.48,15233675.0,59169.0,1508.0
1303,22-Feb-16,438.5,15240075.0,59385.0,1392.0
1304,24-Feb-16,423.1,15246525.0,59615.0,1968.0
1305,26-Feb-16,424.34,15253900.0,59849.0,1760.0
1306,28-Feb-16,433.47,15260900.0,60050.0,1395.0
1307,1-Mar-16,431.87,15267475.0,60285.0,1233.0
1308,3-Mar-16,421.44,15274725.0,60549.0,1447.0
1309,5-Mar-16,401.0,15282500.0,60798.0,1196.0
1310,7-Mar-16,411.94,15289850.0,60990.0,1209.0
1311,9-Mar-16,413.1,15297325.0,61206.0,1241.0
1312,11-Mar-16,421.22,15305425.0,61420.0,1270.0
1313,13-Mar-16,412.44,15312325.0,61581.0,1475.0
1314,15-Mar-16,414.78,15319900.0,61796.0,1165.0
1315,17-Mar-16,418.64,15327525.0,62004.0,1412.0
1316,19-Mar-16,405.59,15334350.0,62196.0,1291.0
1317,21-Mar-16,410.49,15341275.0,62388.0,1104.0
1318,23-Mar-16,417.8,15348775.0,62595.0,1276.0
1319,25-Mar-16,416.44,15356175.0,62789.0,1307.0
1320,27-Mar-16,426.8,15363675.0,62971.0,1487.0
1321,29-Mar-16,414.0,15371475.0,63195.0,1202.0
1322,31-Mar-16,416.94,15378575.0,63427.0,1454.0
1323,2-Apr-16,418.07,15385750.0,63650.0,1506.0
1324,4-Apr-16,418.99,15393525.0,63865.0,1281.0
1325,6-Apr-16,421.09,15401125.0,64091.0,1439.0
1326,8-Apr-16,422.2,15408300.0,64300.0,1418.0
1327,10-Apr-16,421.63,15416700.0,64500.0,1495.0
1328,12-Apr-16,425.89,15424275.0,64733.0,1251.0
1329,14-Apr-16,423.76,15432325.0,64970.0,1518.0
1330,16-Apr-16,429.43,15439525.0,65179.0,1303.0
1331,18-Apr-16,427.28,15446725.0,65383.0,1284.0
1332,20-Apr-16,442.34,15455525.0,65610.99,1313.82
1333,22-Apr-16,447.25,15462875.0,65832.31,1475.36
1334,24-Apr-16,459.4,15469775.0,66022.68,1387.54
1335,26-Apr-16,467.98,15476725.0,66256.53,1660.56
1336,28-Apr-16,450.0,15483325.0,66491.6,1836.73
1337,30-Apr-16,447.17,15490925.0,66730.64,1477.48
1338,2-May-16,443.9,15498725.0,66945.54,1425.38
1339,4-May-16,447.37,15506675.0,67182.12,1399.36
1340,6-May-16,460.91,15514600.0,67403.42,1439.7
1341,8-May-16,457.82,15522500.0,67595.7,1138.42
1342,10-May-16,450.0,15530775.0,67820.91,1555.2
1343,12-May-16,454.7,15537575.0,68037.46,1643.23
1344,14-May-16,455.65,15544975.0,68270.36,1467.22
1345,16-May-16,454.88,15551975.0,68506.32,1700.77
1346,18-May-16,452.9,15559325.0,68763.34,1536.5
1347,20-May-16,441.25,15566050.0,68995.47,1405.34
1348,22-May-16,438.0,15574175.0,69232.2,1001.89
1349,24-May-16,445.34,15582350.0,69473.75,1676.99
1350,26-May-16,452.49,15589175.0,69707.65,1630.32
1351,28-May-16,522.43,15595975.0,69954.27,1451.53
1352,30-May-16,525.15,15603250.0,70183.65,1467.84
1353,1-Jun-16,539.47,15610000.0,70414.78,1639.06
1354,3-Jun-16,568.0,15617000.0,70647.11,1652.6
1355,5-Jun-16,574.02,15624225.0,70852.04,1120.75
1356,7-Jun-16,577.54,15631975.0,71085.95,1775.54
1357,9-Jun-16,575.29,15639700.0,71320.37,1432.44
1358,11-Jun-16,594.44,15647200.0,71547.43,1366.4
1359,13-Jun-16,702.07,15654875.0,71816.03,1561.2
1360,15-Jun-16,692.29,15661975.0,72084.52,1704.61
1361,17-Jun-16,743.92,15669425.0,72365.9,1703.03
1362,19-Jun-16,760.82,15677800.0,72631.99,1233.32
1363,21-Jun-16,665.96,15685625.0,72896.28,1665.53
1364,23-Jun-16,624.54,15692350.0,73147.04,1723.57
1365,25-Jun-16,664.91,15699625.0,73402.02,1271.07
1366,27-Jun-16,646.7,15706950.0,73628.54,1476.39
1367,29-Jun-16,637.96,15714300.0,73853.64,1535.01
1368,1-Jul-16,675.19,15721925.0,74091.29,1340.18
1369,3-Jul-16,658.42,15729500.0,74289.48,1150.18
1370,5-Jul-16,666.49,15736900.0,74515.54,1482.48
1371,7-Jul-16,636.36,15743825.0,74740.68,1571.1
1372,9-Jul-16,651.86,15750587.5,74951.81,1244.33
1373,11-Jul-16,647.98,15754325.0,75156.63,1525.1
1374,13-Jul-16,657.45,15757725.0,75374.0,1677.64
1375,15-Jul-16,664.57,15761175.0,75594.26,1600.6
1376,17-Jul-16,675.46,15765000.0,75808.05,1147.74
1377,19-Jul-16,672.84,15768450.0,76040.45,1735.52
1378,21-Jul-16,664.88,15771987.5,76267.9,1636.14
1379,23-Jul-16,655.85,15775237.5,76487.6,1494.63
1380,25-Jul-16,654.7,15778425.0,76707.94,1822.22
1381,27-Jul-16,654.98,15781637.5,76945.0,1840.65
1382,29-Jul-16,656.89,15785175.0,77185.92,1574.24
1383,31-Jul-16,628.02,15788587.5,77411.84,1248.4
1384,2-Aug-16,515.06,15792425.0,77669.74,1627.43
1385,4-Aug-16,577.32,15796412.5,77922.51,1515.26
1386,6-Aug-16,588.23,15800600.0,78144.11,1176.95
1387,8-Aug-16,592.7,15804300.0,78383.03,1585.85
1388,10-Aug-16,592.19,15807737.5,78619.54,1615.66
1389,12-Aug-16,587.76,15811475.0,78868.6,1563.58
1390,14-Aug-16,570.98,15815550.0,79082.47,1223.03
1391,16-Aug-16,581.12,15819062.5,79325.9,1885.64
1392,18-Aug-16,576.04,15822525.0,79565.75,1555.46
1393,20-Aug-16,583.21,15826387.5,79799.21,1348.41
1394,22-Aug-16,588.97,15830400.0,80024.44,1445.29
1395,24-Aug-16,582.85,15834137.5,80262.26,1555.27
1396,26-Aug-16,581.07,15837412.5,80486.57,1717.93
1397,28-Aug-16,576.53,15841112.5,80677.98,1147.95
1398,30-Aug-16,578.62,15845025.0,80927.89,1542.34
1399,1-Sep-16,572.82,15848450.0,81160.05,1689.41
1400,3-Sep-16,600.89,15851937.5,81368.24,1446.06
1401,5-Sep-16,608.11,15855925.0,81595.19,1626.31
1402,7-Sep-16,614.46,15859525.0,81836.11,1650.06
1403,9-Sep-16,625.07,15863100.0,82069.79,1553.1
1404,11-Sep-16,608.16,15867087.5,82267.06,1099.95
1405,13-Sep-16,610.93,15871187.5,82509.43,1453.1
1406,15-Sep-16,610.39,15875062.5,82744.6,1516.16
1407,17-Sep-16,608.01,15878837.5,82976.24,1322.26
1408,19-Sep-16,610.2,15882312.5,83185.65,1680.75
1409,21-Sep-16,598.88,15886275.0,83423.92,1441.06
1410,23-Sep-16,604.22,15889737.5,83640.96,1641.08
1411,25-Sep-16,601.75,15894125.0,83853.78,1060.74
1412,27-Sep-16,605.96,15898125.0,84100.54,1437.92
1413,29-Sep-16,606.36,15901762.5,84335.41,1697.41
1414,1-Oct-16,614.82,15905500.0,84566.84,1362.61
1415,3-Oct-16,611.85,15909150.0,84799.7,1715.88
1416,5-Oct-16,612.35,15913212.5,85061.63,1597.67
1417,7-Oct-16,617.21,15917012.5,85319.89,1864.02
1418,9-Oct-16,615.66,15921125.0,85557.7,1315.93
1419,11-Oct-16,639.31,15924412.5,85793.2,1896.15
1420,13-Oct-16,635.97,15927812.5,86035.43,1794.55
1421,15-Oct-16,637.95,15931287.5,86263.21,1482.03
1422,17-Oct-16,638.18,15934475.0,86478.08,1897.86
1423,19-Oct-16,629.25,15937975.0,86710.49,1595.44
1424,21-Oct-16,631.92,15941700.0,86971.2,1618.02
1425,23-Oct-16,653.0,15945362.5,87203.58,1330.4
1426,25-Oct-16,655.32,15948887.5,87461.54,1705.25
1427,27-Oct-16,682.22,15952637.5,87755.38,2014.74
1428,29-Oct-16,714.9,15956400.0,87994.68,1541.54
1429,31-Oct-16,702.0,15960337.5,88219.88,1644.75
1430,2-Nov-16,733.34,15963800.0,88463.48,2018.18
1431,4-Nov-16,703.69,15967187.5,88704.45,2138.3
1432,6-Nov-16,712.0,15970937.5,88935.38,1483.25
1433,8-Nov-16,708.97,15974875.0,89211.24,1751.83
1434,10-Nov-16,713.69,15978812.5,89477.49,1615.32
1435,12-Nov-16,703.72,15982950.0,89719.88,1362.42
1436,14-Nov-16,706.47,15986875.0,89966.37,1572.71
1437,16-Nov-16,736.91,15990962.5,90235.75,1692.94
1438,18-Nov-16,747.52,15994800.0,90516.59,1864.36
1439,20-Nov-16,729.07,15998175.0,90754.19,1911.14
1440,22-Nov-16,748.75,16001587.5,91011.91,2131.6
1441,24-Nov-16,737.45,16005450.0,91307.89,2033.33
1442,26-Nov-16,733.67,16009262.5,91596.53,1814.12
1443,28-Nov-16,733.05,16013112.5,91863.92,1820.3
1444,30-Nov-16,742.7,16016750.0,92130.23,2060.94
1445,2-Dec-16,772.44,16020362.5,92402.2,2210.16
1446,4-Dec-16,764.82,16024362.5,92680.55,1659.8
1447,6-Dec-16,756.62,16028137.5,92959.13,2131.75
1448,8-Dec-16,769.73,16032275.0,93247.45,1800.71
1449,10-Dec-16,773.4,16035612.5,93491.65,1895.77
1450,12-Dec-16,777.01,16039900.0,93746.29,1722.19
1451,14-Dec-16,774.9,16043862.5,94016.67,2059.91
1452,16-Dec-16,781.57,16047112.5,94266.57,2100.46
1453,18-Dec-16,788.41,16050675.0,94506.07,1672.26
1454,20-Dec-16,793.09,16054287.5,94779.11,2148.36
1455,22-Dec-16,860.6,16058262.5,95078.64,1978.89
1456,24-Dec-16,891.61,16061875.0,95330.73,1757.81
1457,26-Dec-16,897.34,16065712.5,95560.4,1724.75
1458,28-Dec-16,967.48,16069712.5,95839.58,1862.16
1459,30-Dec-16,952.16,16073550.0,96117.5,1826.87
1460,1-Jan-17,997.73,16077350.0,96345.45,1157.06
1461,3-Jan-17,1023.14,16081387.5,96645.36,1839.41
1462,5-Jan-17,994.67,16085050.0,96935.02,2060.72
1463,7-Jan-17,896.83,16088787.5,97230.73,2048.34
1464,9-Jan-17,894.18,16092575.0,97491.6,1984.9
1465,11-Jan-17,785.22,16096487.5,97786.38,1980.77
1466,13-Jan-17,826.3,16100512.5,98052.34,1822.18
1467,15-Jan-17,822.21,16104750.0,98293.16,1413.17
1468,17-Jan-17,903.85,16108837.5,98563.56,1852.51
1469,19-Jan-17,895.8,16112887.5,98843.82,1727.61
1470,21-Jan-17,920.45,16117512.5,99105.77,1456.14
1471,23-Jan-17,922.07,16121412.5,99349.54,1702.82
1472,25-Jan-17,893.05,16125137.5,99642.81,2039.74
1473,27-Jan-17,919.28,16129200.0,99941.14,1549.01
1474,29-Jan-17,915.93,16133187.5,100218.56,1446.87
1475,31-Jan-17,964.71,16136800.0,100497.22,2121.95
1476,2-Feb-17,1007.61,16141162.5,100825.47,1653.24
1477,4-Feb-17,1031.0,16144825.0,101108.23,1974.66
1478,6-Feb-17,1024.01,16148375.0,101382.95,1840.22
1479,8-Feb-17,1052.38,16152087.5,101666.07,2111.75
1480,10-Feb-17,999.1,16156037.5,101970.87,2057.14
1481,12-Feb-17,1000.6,16159525.0,102227.12,1689.23
1482,14-Feb-17,1011.78,16163675.0,102525.05,1864.4
1483,16-Feb-17,1035.21,16167300.0,102803.79,1877.16
1484,18-Feb-17,1056.64,16171075.0,103096.37,1895.72
1485,20-Feb-17,1084.76,16174600.0,103361.91,1910.32
1486,22-Feb-17,1123.22,16178050.0,103628.81,2043.34
1487,24-Feb-17,1174.87,16181962.5,103934.21,2112.96
1488,26-Feb-17,1175.05,16186275.0,104259.66,1489.9
1489,28-Feb-17,1187.57,16189987.5,104543.91,2126.89
1490,2-Mar-17,1259.41,16193750.0,104834.93,2098.27
1491,4-Mar-17,1267.03,16197287.5,105115.85,2006.53
1492,6-Mar-17,1275.2,16200900.0,105397.5,2026.27
1493,8-Mar-17,1157.39,16204587.5,105685.73,2092.31
1494,10-Mar-17,1098.62,16208387.5,105987.24,1977.45
1495,12-Mar-17,1227.49,16212187.5,106284.7,1426.52
1496,14-Mar-17,1245.37,16215950.0,106577.36,1989.71
1497,16-Mar-17,1180.95,16219637.5,106868.29,2137.48
1498,18-Mar-17,952.23,16223525.0,107169.51,1678.54
1499,20-Mar-17,1049.08,16227287.5,107450.12,2037.01
1500,22-Mar-17,1028.73,16231050.0,107747.72,1992.01
1501,24-Mar-17,941.92,16235100.0,108043.66,1645.01
1502,26-Mar-17,956.79,16238837.5,108281.01,1336.84
1503,28-Mar-17,1046.13,16242425.0,108552.72,1896.78
1504,30-Mar-17,1037.9,16246200.0,108844.87,1760.9
1505,1-Apr-17,1086.93,16249537.5,109102.21,1938.42
1506,3-Apr-17,1141.81,16253712.5,109387.02,1637.16
1507,5-Apr-17,1133.08,16257300.0,109665.89,1954.04
1508,7-Apr-17,1190.45,16261162.5,109967.98,1823.85
1509,9-Apr-17,1208.8,16264862.5,110248.63,1498.65
1510,11-Apr-17,1226.62,16268787.5,110545.3,1843.67
1511,13-Apr-17,1180.02,16272150.0,110808.39,1800.62
1512,15-Apr-17,1184.88,16275762.5,111096.47,1801.17
1513,17-Apr-17,1205.63,16279312.5,111360.32,1776.7
1514,19-Apr-17,1217.93,16282925.0,111640.57,2168.56
1515,21-Apr-17,1258.36,16286737.5,111938.96,1978.17
1516,23-Apr-17,1257.99,16290462.5,112225.04,1601.56
1517,25-Apr-17,1279.41,16293862.5,112487.43,2198.56
1518,27-Apr-17,1345.35,16297612.5,112778.37,2026.42
1519,29-Apr-17,1334.98,16301475.0,113082.0,1972.94
1520,1-May-17,1417.17,16305237.5,113375.36,1965.24
1521,3-May-17,1507.58,16308862.5,113661.62,2235.98
1522,5-May-17,1533.34,16312575.0,113948.76,2071.26
1523,7-May-17,1535.87,16316762.5,114271.99,1892.28
1524,9-May-17,1721.28,16320950.0,114599.37,2147.61
1525,11-May-17,1820.99,16324487.5,114871.24,2183.28
1526,13-May-17,1771.92,16328387.5,115169.15,2083.96
1527,15-May-17,1723.13,16332562.5,115494.08,1936.64
1528,17-May-17,1807.49,16336150.0,115774.84,2048.56
1529,19-May-17,1961.52,16339975.0,116072.52,1948.18
1530,21-May-17,2046.53,16343875.0,116377.69,2218.07
1531,23-May-17,2287.71,16347800.0,116683.26,2188.75
1532,25-May-17,2387.21,16351762.5,116991.96,2147.94
1533,27-May-17,2014.05,16355775.0,117305.22,1975.68
1534,29-May-17,2275.93,16359725.0,117614.25,2130.05
1535,31-May-17,2285.93,16364012.5,117949.95,1961.18
1536,2-Jun-17,2446.14,16367962.5,118259.54,1859.86
1537,4-Jun-17,2516.17,16372375.0,118606.06,1652.45
1538,6-Jun-17,2883.31,16376312.5,118913.73,1969.64
1539,8-Jun-17,2793.0,16380437.5,119237.45,1862.89
1540,10-Jun-17,2845.37,16384087.5,119520.72,1808.46
1541,12-Jun-17,2657.68,16387750.0,119801.0,1830.6
1542,14-Jun-17,2447.04,16391262.5,120074.48,2054.6
1543,16-Jun-17,2464.96,16395025.0,120372.12,1823.9
1544,18-Jun-17,2507.39,16398650.0,120650.86,1443.86
1545,20-Jun-17,2754.98,16402262.5,120933.06,1952.45
1546,22-Jun-17,2727.29,16405750.0,121208.66,1940.18
1547,24-Jun-17,2589.16,16409575.0,121499.15,1555.66
1548,26-Jun-17,2436.45,16412875.0,121752.52,1844.41
1549,28-Jun-17,2585.35,16416475.0,122034.9,1782.24
1550,30-Jun-17,2477.64,16419900.0,122298.19,1736.1
1551,2-Jul-17,2501.19,16424300.0,122589.52,1045.42
1552,4-Jul-17,2599.73,16428337.5,122865.45,1669.82
1553,6-Jul-17,2609.97,16431975.0,123136.77,1585.25
1554,8-Jul-17,2562.13,16435887.5,123417.17,1338.39
1555,10-Jul-17,2366.17,16440075.0,123667.71,1277.78
1556,12-Jul-17,2385.75,16444450.0,123977.73,1452.76
1557,14-Jul-17,2190.95,16448150.0,124237.15,1639.59
1558,16-Jul-17,1931.21,16451775.0,124497.94,1246.41
1559,18-Jul-17,2320.12,16455687.5,124796.14,1579.24
1560,20-Jul-17,2898.19,16459575.0,125086.67,1420.98
1561,22-Jul-17,2807.61,16463500.0,125385.18,1395.99
1562,24-Jul-17,2751.82,16467875.0,125661.92,1348.72
1563,26-Jul-17,2495.03,16471562.5,125942.39,1618.05
1564,28-Jul-17,2781.64,16475362.5,126222.15,1648.05
1565,30-Jul-17,2745.96,16479162.5,126478.21,1252.69
1566,1-Aug-17,2710.41,16482837.5,126720.65,885.07
1567,3-Aug-17,2794.12,16486462.5,126974.02,1543.6
1568,5-Aug-17,3218.12,16490912.5,127295.42,1354.64
1569,7-Aug-17,3407.23,16494575.0,127549.91,1627.46
1570,9-Aug-17,3357.33,16498350.0,127842.18,1890.98
1571,11-Aug-17,3632.51,16501825.0,128112.95,1972.23
1572,13-Aug-17,4125.55,16505362.5,128390.77,1779.12
1573,15-Aug-17,4217.03,16508887.5,128663.16,2046.07
1574,17-Aug-17,4328.73,16512750.0,128964.02,1940.33
1575,19-Aug-17,4222.66,16516500.0,129252.99,1767.1
1576,21-Aug-17,4043.72,16519562.5,129490.28,2058.89
1577,23-Aug-17,4174.95,16522662.5,129735.97,1985.75
1578,25-Aug-17,4363.05,16525187.5,129924.59,2061.08
1579,27-Aug-17,4354.31,16528437.5,130182.98,1689.62
1580,29-Aug-17,4607.99,16531912.5,130458.29,1886.68
1581,31-Aug-17,4748.26,16536050.0,130783.51,1722.23
1582,2-Sep-17,4580.39,16540275.0,131085.29,1443.97
1583,4-Sep-17,4344.1,16544387.5,131365.56,1538.74
1584,6-Sep-17,4641.82,16548875.0,131662.45,1705.09
1585,8-Sep-17,4310.75,16553262.5,131964.83,1597.07
1586,10-Sep-17,4329.96,16557100.0,132196.71,1400.29
1587,12-Sep-17,4219.04,16561625.0,132474.73,1362.93
1588,14-Sep-17,3319.63,16566175.0,132749.96,1540.62
1589,16-Sep-17,3763.63,16570537.5,133020.39,1350.63
1590,18-Sep-17,4093.32,16574325.0,133238.55,1718.14
1591,20-Sep-17,3977.56,16577737.5,133498.75,2014.73
1592,22-Sep-17,3637.5,16581675.0,133745.29,1637.52
1593,24-Sep-17,3703.04,16585562.5,133945.19,1277.77
1594,26-Sep-17,3910.31,16588850.0,134192.53,1910.49
1595,28-Sep-17,4201.99,16592900.0,134466.7,1559.19
1596,30-Sep-17,4335.37,16596737.5,134715.95,1541.14
1597,2-Oct-17,4386.88,16600237.5,134984.84,1966.68
1598,4-Oct-17,4225.18,16604200.0,135257.35,1737.51
1599,6-Oct-17,4345.6,16607750.0,135530.95,1784.27
1600,8-Oct-17,4602.28,16612000.0,135802.24,1309.81
1601,10-Oct-17,4782.28,16616012.5,136104.89,1894.38
1602,12-Oct-17,5325.13,16619662.5,136395.7,1916.1
1603,14-Oct-17,5739.44,16623125.0,136679.44,2079.01
1604,16-Oct-17,5711.21,16627737.5,137013.41,1808.76
1605,18-Oct-17,5546.18,16631675.0,137328.86,2182.64
1606,20-Oct-17,5979.46,16636137.5,137683.55,1745.3
1607,22-Oct-17,5983.18,16640325.0,138025.64,1588.63
1608,24-Oct-17,5505.83,16644550.0,138365.73,2079.16
1609,26-Oct-17,5893.14,16649112.5,138676.94,1476.82
1610,28-Oct-17,5776.7,16651475.0,138869.93,2436.07
1611,30-Oct-17,6105.87,16655237.5,139177.89,2150.18
1612,1-Nov-17,6665.31,16658325.0,139434.72,2218.24
1613,3-Nov-17,7197.72,16662275.0,139714.87,2332.76
1614,5-Nov-17,7377.01,16665662.5,139995.56,1785.3
1615,7-Nov-17,7092.13,16669275.0,140294.6,2151.51
1616,9-Nov-17,7158.04,16672987.5,140599.26,2230.59
1617,11-Nov-17,6362.85,16675487.5,140809.92,2432.93
1618,13-Nov-17,6550.23,16678237.5,141040.02,2209.28
1619,15-Nov-17,7301.43,16681737.5,141330.51,2117.03
1620,17-Nov-17,7786.88,16685725.0,141658.74,1836.03
1621,19-Nov-17,8007.65,16689425.0,141968.11,1655.34
1622,21-Nov-17,8059.8,16693775.0,142329.05,2145.03
1623,23-Nov-17,8148.95,16697587.5,142626.03,2243.36
1624,25-Nov-17,8707.41,16701400.0,142945.74,2158.26
1625,27-Nov-17,9718.3,16705437.5,143283.26,2230.92
1626,29-Nov-17,9879.33,16709550.0,143633.2,2301.1
1627,1-Dec-17,10883.91,16713925.0,144007.07,2256.33
1628,3-Dec-17,11332.62,16718137.5,144358.25,2005.93
1629,5-Dec-17,11878.43,16722625.0,144740.05,2279.26
1630,7-Dec-17,16501.97,16726862.5,145097.0,2465.86
1631,9-Dec-17,15142.83,16731000.0,145443.93,2318.39
1632,11-Dec-17,16762.12,16735187.5,145798.52,2155.54
1633,13-Dec-17,16808.37,16739462.5,146160.7,2282.68
1634,15-Dec-17,17771.9,16743887.5,146532.23,2400.45
1635,17-Dec-17,19289.79,16748337.5,146905.51,2118.43
1636,19-Dec-17,17737.11,16752362.5,147243.58,2704.44
1637,21-Dec-17,16047.51,16755712.5,147526.59,2541.53
1638,23-Dec-17,15360.26,16759387.5,147838.59,2217.35
1639,25-Dec-17,14119.03,16762975.0,148142.19,1695.75
1640,27-Dec-17,15589.32,16766700.0,148457.88,1972.06
1641,29-Dec-17,14640.14,16770625.0,148792.16,2144.39
1642,31-Dec-17,14165.57,16774500.0,149113.62,1781.73
1643,2-Jan-18,15005.86,16778587.5,149454.46,1994.04
1644,4-Jan-18,15199.36,16782650.0,149800.81,2529.81
1645,6-Jan-18,17319.2,16786537.5,150130.65,2135.99
1646,8-Jan-18,15265.91,16790637.5,150474.8,2082.36
1647,10-Jan-18,15126.4,16794762.5,150823.41,2092.73
1648,12-Jan-18,13912.88,16799400.0,151215.17,1685.9
1649,14-Jan-18,13852.92,16803200.0,151529.2,1516.42
1650,16-Jan-18,11181.0,16807062.5,151855.06,1910.22
1651,18-Jan-18,11345.42,16811312.5,152214.24,1788.99
1652,20-Jan-18,12950.79,16815600.0,152584.19,1351.75
1653,22-Jan-18,10544.59,16820025.0,152966.22,1470.43
1654,24-Jan-18,11282.26,16824437.5,153343.99,1422.86
1655,26-Jan-18,10969.82,16828350.0,153681.02,1422.32
1656,28-Jan-18,11765.71,16832287.5,154006.98,1350.92
1657,30-Jan-18,10184.06,16836225.0,154322.58,1416.82
1658,1-Feb-18,9083.26,16839687.5,154613.22,1610.4
1659,3-Feb-18,9076.68,16843762.5,154942.46,1233.49
1660,5-Feb-18,6838.82,16848300.0,155322.77,1169.53
1661,7-Feb-18,8099.96,16852187.5,155655.36,1515.74
1662,9-Feb-18,8535.52,16855512.5,155937.98,1317.48
1663,11-Feb-18,8343.46,16859187.5,156238.0,974.89
1664,13-Feb-18,8597.77,16863312.5,156580.26,1115.76
1665,15-Feb-18,9977.15,16867187.5,156901.46,1512.85
1666,17-Feb-18,10841.99,16871012.5,157201.81,1166.37
1667,19-Feb-18,11110.96,16875062.5,157522.47,1156.59
1668,21-Feb-18,10532.79,16878937.5,157831.48,1214.21
1669,23-Feb-18,10162.12,16882650.0,158117.33,1251.3
1670,25-Feb-18,9696.59,16886600.0,158387.82,847.19
1671,27-Feb-18,10763.88,16890362.5,158688.91,1372.65
1672,1-Mar-18,11009.38,16894362.5,159028.58,1416.63
1673,3-Mar-18,11326.95,16898562.5,159338.73,983.47
1674,5-Mar-18,11595.54,16902275.0,159638.55,1351.93
1675,7-Mar-18,10118.06,16906187.5,159958.52,1362.92
1676,9-Mar-18,9089.28,16910037.5,160274.22,1357.4
1677,11-Mar-18,9761.4,16913700.0,160571.07,986.17
1678,13-Mar-18,9154.7,16917687.5,160864.58,1241.39
1679,15-Mar-18,8358.12,16921287.5,161082.75,1431.85
1680,17-Mar-18,7993.67,16925100.0,161266.2,1036.89
1681,19-Mar-18,8412.03,16928925.0,161476.28,1235.66
1682,21-Mar-18,8947.75,16932412.5,161678.99,1281.88
1683,23-Mar-18,8686.83,16935862.5,161903.54,1352.02
1684,25-Mar-18,8617.3,16939500.0,162073.38,1002.03
1685,27-Mar-18,7876.2,16943275.0,162296.25,1230.69
1686,29-Mar-18,7172.28,16946862.5,162497.38,1265.86
1687,31-Mar-18,6935.48,16950487.5,162685.27,1161.07
1688,2-Apr-18,7035.85,16954462.5,162847.08,1078.06
1689,4-Apr-18,6787.76,16958337.5,163063.56,1263.33
1690,6-Apr-18,6603.88,16962012.5,163278.18,1252.82
1691,8-Apr-18,7017.66,16966275.0,163444.63,860.47
1692,10-Apr-18,6787.57,16970162.5,163665.22,1136.68
1693,12-Apr-18,7847.85,16974100.0,163895.15,1369.34
1694,14-Apr-18,8036.51,16977875.0,164123.86,1181.34
1695,16-Apr-18,8043.8,16981675.0,164398.43,1390.82
1696,18-Apr-18,8164.94,16985700.0,164624.25,1254.63
1697,20-Apr-18,8852.72,16989637.5,164847.76,1516.62
1698,22-Apr-18,8838.55,16993625.0,165058.71,1074.19
1699,24-Apr-18,9555.54,16997525.0,165329.17,1600.58
1700,26-Apr-18,9258.4,17000825.0,165582.2,1537.11
1701,28-Apr-18,9326.17,17004200.0,165826.02,1591.26
1702,30-Apr-18,9259.57,17008112.5,166040.54,1387.79
1703,2-May-18,9221.43,17011837.5,166269.83,1516.4
1704,4-May-18,9710.73,17015450.0,166535.27,1587.46
1705,6-May-18,9630.14,17019175.0,166756.14,1253.73
1706,8-May-18,9228.61,17022787.5,167013.53,1566.98
1707,10-May-18,9101.48,17026712.5,167243.74,1356.89
1708,12-May-18,8484.35,17030362.5,167486.64,1103.36
1709,14-May-18,8652.04,17033862.5,167687.13,1588.61
1710,16-May-18,8340.7,17037925.0,167911.26,1164.6
1711,18-May-18,8240.06,17041425.0,168149.02,1429.03
1712,20-May-18,8507.41,17045150.0,168318.31,1101.83
1713,22-May-18,8015.58,17049000.0,168542.26,1346.6
1714,24-May-18,7566.19,17052812.5,168767.29,1446.33
1715,26-May-18,7342.91,17057037.5,168956.43,980.14
1716,28-May-18,7130.54,17061037.5,169140.8,1211.94
1717,30-May-18,7385.4,17064950.0,169365.39,1172.86
1718,1-Jun-18,7535.15,17069150.0,169605.39,1237.84
1719,3-Jun-18,7699.89,17073087.5,169825.8,1002.72
1720,5-Jun-18,7615.72,17077562.5,170167.51,1216.58
1721,7-Jun-18,7676.27,17081187.5,170468.09,1451.94
1722,9-Jun-18,7564.41,17084787.5,170688.4,1197.94
1723,11-Jun-18,6875.68,17088125.0,170895.86,1522.83
1724,13-Jun-18,6315.7,17091725.0,171177.94,1481.32
1725,15-Jun-18,6434.09,17095550.0,171414.36,1345.5
1726,17-Jun-18,6464.41,17099587.5,171570.1,922.98
1727,19-Jun-18,6737.0,17103575.0,171817.33,1237.45
1728,21-Jun-18,6733.9,17107637.5,172089.26,1165.37
1729,23-Jun-18,6141.61,17111525.0,172294.86,1020.59
1730,25-Jun-18,6211.45,17115625.0,172522.34,1274.99
1731,27-Jun-18,6105.3,17118962.5,172809.86,1557.93
1732,29-Jun-18,5908.7,17122812.5,173030.82,1310.47
1733,1-Jul-18,6374.75,17126412.5,173273.71,1062.9
1734,3-Jul-18,6613.69,17129625.0,173542.16,1868.51
1735,5-Jul-18,6603.38,17133012.5,173774.87,1456.93
1736,7-Jul-18,6594.28,17136962.5,173968.35,1090.77
1737,9-Jul-18,6723.87,17140637.5,174206.14,1518.72
1738,11-Jul-18,6377.36,17144187.5,174486.78,1500.76
1739,13-Jul-18,6244.36,17147737.5,174812.27,1453.87
1740,15-Jul-18,6316.88,17151062.5,175069.42,1211.66
1741,17-Jul-18,6869.91,17154550.0,175325.46,1471.48
1742,19-Jul-18,7396.4,17158862.5,175633.17,1316.02
1743,21-Jul-18,7352.5,17162500.0,175856.78,1348.93
1744,23-Jul-18,7689.88,17166850.0,176086.67,1382.41
1745,25-Jul-18,8251.16,17171050.0,176403.36,1413.6
1746,27-Jul-18,8025.26,17175200.0,176678.64,1373.63
1747,29-Jul-18,8206.34,17179137.5,176880.39,990.63
1748,31-Jul-18,7916.8,17182650.0,177142.16,1652.9
1749,2-Aug-18,7593.15,17186437.5,177414.2,1469.76
1750,4-Aug-18,7247.77,17190712.5,177653.69,1088.96
1751,6-Aug-18,6988.08,17194350.0,177883.86,1668.76
1752,8-Aug-18,6450.37,17198212.5,178164.98,1498.8
1753,10-Aug-18,6396.49,17202275.0,178424.29,1284.93
1754,12-Aug-18,6311.13,17206337.5,178618.85,1064.8
1755,14-Aug-18,6050.94,17209912.5,178892.43,1820.75
1756,16-Aug-18,6342.63,17213900.0,179140.18,1470.47
1757,18-Aug-18,6436.72,17217800.0,179361.21,1193.34
1758,20-Aug-18,6434.56,17221487.5,179573.77,1433.22
1759,22-Aug-18,6575.23,17225337.5,179813.16,1439.58
1760,24-Aug-18,6543.65,17229025.0,180047.47,1505.81
1761,26-Aug-18,6673.27,17232875.0,180249.11,998.54
1762,28-Aug-18,7000.04,17237100.0,180513.52,1555.81
1763,30-Aug-18,6932.66,17240762.5,180765.65,1502.54
1764,1-Sep-18,7100.95,17244587.5,181007.24,1412.79
1765,3-Sep-18,7260.95,17248187.5,181222.63,1547.9
1766,5-Sep-18,7113.07,17251412.5,181476.41,1867.25
1767,7-Sep-18,6444.8,17255187.5,181744.88,1518.36
1768,9-Sep-18,6286.43,17259100.0,181951.87,1158.97
1769,11-Sep-18,6296.32,17262550.0,182206.04,1684.9
1770,13-Sep-18,6450.18,17266500.0,182446.38,1582.49
1771,15-Sep-18,6518.66,17269900.0,182696.55,1507.65
1772,17-Sep-18,6400.6,17273325.0,182906.28,1778.9
